current directory: /Users/lakhveersinghrajput/Lakhveer/final/gic_final/vendor/bun/ruby/3.2.0/gems/ed25519-1.3.0/ext/ed25519_ref10
/Users/lakhveersinghrajput/.rvm/rubies/ruby-3.2.0/bin/ruby -I /Users/lakhveersinghrajput/.rvm/rubies/ruby-3.2.0/lib/ruby/3.2.0 extconf.rb
creating Makefile

current directory: /Users/lakhveersinghrajput/Lakhveer/final/gic_final/vendor/bun/ruby/3.2.0/gems/ed25519-1.3.0/ext/ed25519_ref10
make DESTDIR\= sitearchdir\=./.gem.20250302-40695-d3cpo6 sitelibdir\=./.gem.20250302-40695-d3cpo6 clean

current directory: /Users/lakhveersinghrajput/Lakhveer/final/gic_final/vendor/bun/ruby/3.2.0/gems/ed25519-1.3.0/ext/ed25519_ref10
make DESTDIR\= sitearchdir\=./.gem.20250302-40695-d3cpo6 sitelibdir\=./.gem.20250302-40695-d3cpo6
compiling ed25519_ref10.c
In file included from ed25519_ref10.c:1:
In file included from /Users/lakhveersinghrajput/.rvm/rubies/ruby-3.2.0/include/ruby-3.2.0/ruby.h:38:
In file included from /Users/lakhveersinghrajput/.rvm/rubies/ruby-3.2.0/include/ruby-3.2.0/ruby/ruby.h:25:
In file included from /Users/lakhveersinghrajput/.rvm/rubies/ruby-3.2.0/include/ruby-3.2.0/ruby/defines.h:71:
/Users/lakhveersinghrajput/.rvm/rubies/ruby-3.2.0/include/ruby-3.2.0/ruby/internal/xmalloc.h:62:1: warning: [[]] attributes are a C2x extension [-Wc2x-extensions]
   62 | RBIMPL_ATTR_NODISCARD()
      | ^
/Users/lakhveersinghrajput/.rvm/rubies/ruby-3.2.0/include/ruby-3.2.0/ruby/internal/attr/nodiscard.h:35:34: note: expanded from macro 'RBIMPL_ATTR_NODISCARD'
   35 | # define RBIMPL_ATTR_NODISCARD() [[nodiscard]]
      |                                  ^
In file included from ed25519_ref10.c:1:
In file included from /Users/lakhveersinghrajput/.rvm/rubies/ruby-3.2.0/include/ruby-3.2.0/ruby.h:38:
In file included from /Users/lakhveersinghrajput/.rvm/rubies/ruby-3.2.0/include/ruby-3.2.0/ruby/ruby.h:25:
In file included from /Users/lakhveersinghrajput/.rvm/rubies/ruby-3.2.0/include/ruby-3.2.0/ruby/defines.h:71:
/Users/lakhveersinghrajput/.rvm/rubies/ruby-3.2.0/include/ruby-3.2.0/ruby/internal/xmalloc.h:90:1: warning: [[]] attributes are a C2x extension [-Wc2x-extensions]
   90 | RBIMPL_ATTR_NODISCARD()
      | ^
/Users/lakhveersinghrajput/.rvm/rubies/ruby-3.2.0/include/ruby-3.2.0/ruby/internal/attr/nodiscard.h:35:34: note: expanded from macro 'RBIMPL_ATTR_NODISCARD'
   35 | # define RBIMPL_ATTR_NODISCARD() [[nodiscard]]
      |                                  ^
In file included from ed25519_ref10.c:1:
In file included from /Users/lakhveersinghrajput/.rvm/rubies/ruby-3.2.0/include/ruby-3.2.0/ruby.h:38:
In file included from /Users/lakhveersinghrajput/.rvm/rubies/ruby-3.2.0/include/ruby-3.2.0/ruby/ruby.h:25:
In file included from /Users/lakhveersinghrajput/.rvm/rubies/ruby-3.2.0/include/ruby-3.2.0/ruby/defines.h:71:
/Users/lakhveersinghrajput/.rvm/rubies/ruby-3.2.0/include/ruby-3.2.0/ruby/internal/xmalloc.h:121:1: warning: [[]] attributes are a C2x extension [-Wc2x-extensions]
  121 | RBIMPL_ATTR_NODISCARD()
      | ^
/Users/lakhveersinghrajput/.rvm/rubies/ruby-3.2.0/include/ruby-3.2.0/ruby/internal/attr/nodiscard.h:35:34: note: expanded from macro 'RBIMPL_ATTR_NODISCARD'
   35 | # define RBIMPL_ATTR_NODISCARD() [[nodiscard]]
      |                                  ^
In file included from ed25519_ref10.c:1:
In file included from /Users/lakhveersinghrajput/.rvm/rubies/ruby-3.2.0/include/ruby-3.2.0/ruby.h:38:
In file included from /Users/lakhveersinghrajput/.rvm/rubies/ruby-3.2.0/include/ruby-3.2.0/ruby/ruby.h:25:
In file included from /Users/lakhveersinghrajput/.rvm/rubies/ruby-3.2.0/include/ruby-3.2.0/ruby/defines.h:71:
/Users/lakhveersinghrajput/.rvm/rubies/ruby-3.2.0/include/ruby-3.2.0/ruby/internal/xmalloc.h:151:1: warning: [[]] attributes are a C2x extension [-Wc2x-extensions]
  151 | RBIMPL_ATTR_NODISCARD()
      | ^
/Users/lakhveersinghrajput/.rvm/rubies/ruby-3.2.0/include/ruby-3.2.0/ruby/internal/attr/nodiscard.h:35:34: note: expanded from macro 'RBIMPL_ATTR_NODISCARD'
   35 | # define RBIMPL_ATTR_NODISCARD() [[nodiscard]]
      |                                  ^
In file included from ed25519_ref10.c:1:
In file included from /Users/lakhveersinghrajput/.rvm/rubies/ruby-3.2.0/include/ruby-3.2.0/ruby.h:38:
In file included from /Users/lakhveersinghrajput/.rvm/rubies/ruby-3.2.0/include/ruby-3.2.0/ruby/ruby.h:25:
In file included from /Users/lakhveersinghrajput/.rvm/rubies/ruby-3.2.0/include/ruby-3.2.0/ruby/defines.h:71:
/Users/lakhveersinghrajput/.rvm/rubies/ruby-3.2.0/include/ruby-3.2.0/ruby/internal/xmalloc.h:197:1: warning: [[]] attributes are a C2x extension [-Wc2x-extensions]
  197 | RBIMPL_ATTR_NODISCARD()
      | ^
/Users/lakhveersinghrajput/.rvm/rubies/ruby-3.2.0/include/ruby-3.2.0/ruby/internal/attr/nodiscard.h:35:34: note: expanded from macro 'RBIMPL_ATTR_NODISCARD'
   35 | # define RBIMPL_ATTR_NODISCARD() [[nodiscard]]
      |                                  ^
In file included from ed25519_ref10.c:1:
In file included from /Users/lakhveersinghrajput/.rvm/rubies/ruby-3.2.0/include/ruby-3.2.0/ruby.h:38:
In file included from /Users/lakhveersinghrajput/.rvm/rubies/ruby-3.2.0/include/ruby-3.2.0/ruby/ruby.h:27:
In file included from /Users/lakhveersinghrajput/.rvm/rubies/ruby-3.2.0/include/ruby-3.2.0/ruby/internal/anyargs.h:76:
/Users/lakhveersinghrajput/.rvm/rubies/ruby-3.2.0/include/ruby-3.2.0/ruby/internal/intern/class.h:301:60: warning: a function declaration without a prototype is deprecated in all versions of C [-Wstrict-prototypes]
  301 | void rb_define_method_id(VALUE klass, ID mid, VALUE (*func)(ANYARGS), int arity);
      |                                                            ^       
      |                                                                    void
/Users/lakhveersinghrajput/.rvm/rubies/ruby-3.2.0/include/ruby-3.2.0/ruby/internal/intern/class.h:339:76: warning: a function declaration without a prototype is deprecated in all versions of C [-Wstrict-prototypes]
  339 | void rb_define_protected_method(VALUE klass, const char *mid, VALUE (*func)(ANYARGS), int arity);
      |                                                                            ^       
      |                                                                                    void
/Users/lakhveersinghrajput/.rvm/rubies/ruby-3.2.0/include/ruby-3.2.0/ruby/internal/intern/class.h:352:74: warning: a function declaration without a prototype is deprecated in all versions of C [-Wstrict-prototypes]
  352 | void rb_define_private_method(VALUE klass, const char *mid, VALUE (*func)(ANYARGS), int arity);
      |                                                                          ^       
      |                                                                                  void
/Users/lakhveersinghrajput/.rvm/rubies/ruby-3.2.0/include/ruby-3.2.0/ruby/internal/intern/class.h:365:73: warning: a function declaration without a prototype is deprecated in all versions of C [-Wstrict-prototypes]
  365 | void rb_define_singleton_method(VALUE obj, const char *mid, VALUE(*func)(ANYARGS), int arity);
      |                                                                         ^       
      |                                                                                 void
In file included from ed25519_ref10.c:1:
In file included from /Users/lakhveersinghrajput/.rvm/rubies/ruby-3.2.0/include/ruby-3.2.0/ruby.h:38:
In file included from /Users/lakhveersinghrajput/.rvm/rubies/ruby-3.2.0/include/ruby-3.2.0/ruby/ruby.h:27:
In file included from /Users/lakhveersinghrajput/.rvm/rubies/ruby-3.2.0/include/ruby-3.2.0/ruby/internal/anyargs.h:78:
/Users/lakhveersinghrajput/.rvm/rubies/ruby-3.2.0/include/ruby-3.2.0/ruby/internal/method.h:99:66: warning: a function declaration without a prototype is deprecated in all versions of C [-Wstrict-prototypes]
   99 | void rb_define_method(VALUE klass, const char *mid, VALUE (*func)(ANYARGS), int arity);
      |                                                                  ^       
      |                                                                          void
/Users/lakhveersinghrajput/.rvm/rubies/ruby-3.2.0/include/ruby-3.2.0/ruby/internal/method.h:112:75: warning: a function declaration without a prototype is deprecated in all versions of C [-Wstrict-prototypes]
  112 | void rb_define_module_function(VALUE klass, const char *mid, VALUE (*func)(ANYARGS), int arity);
      |                                                                           ^       
      |                                                                                   void
/Users/lakhveersinghrajput/.rvm/rubies/ruby-3.2.0/include/ruby-3.2.0/ruby/internal/method.h:124:62: warning: a function declaration without a prototype is deprecated in all versions of C [-Wstrict-prototypes]
  124 | void rb_define_global_function(const char *mid, VALUE (*func)(ANYARGS), int arity);
      |                                                              ^       
      |                                                                      void
In file included from ed25519_ref10.c:1:
In file included from /Users/lakhveersinghrajput/.rvm/rubies/ruby-3.2.0/include/ruby-3.2.0/ruby.h:38:
In file included from /Users/lakhveersinghrajput/.rvm/rubies/ruby-3.2.0/include/ruby-3.2.0/ruby/ruby.h:27:
/Users/lakhveersinghrajput/.rvm/rubies/ruby-3.2.0/include/ruby-3.2.0/ruby/internal/anyargs.h:271:1: warning: [[]] attributes are a C2x extension [-Wc2x-extensions]
  271 | RBIMPL_ANYARGS_DECL(rb_define_singleton_method, VALUE, const char *)
      | ^
/Users/lakhveersinghrajput/.rvm/rubies/ruby-3.2.0/include/ruby-3.2.0/ruby/internal/anyargs.h:250:40: note: expanded from macro 'RBIMPL_ANYARGS_DECL'
  250 | # define RBIMPL_ANYARGS_DECL(sym, ...) \
      |                                        ^
/Users/lakhveersinghrajput/.rvm/rubies/ruby-3.2.0/include/ruby-3.2.0/ruby/internal/anyargs.h:249:38: note: expanded from macro '\
RBIMPL_ANYARGS_ATTRSET'
  249 | # define RBIMPL_ANYARGS_ATTRSET(sym) RBIMPL_ATTR_MAYBE_UNUSED() RBIMPL_ATTR_NONNULL(()) RBIMPL_ATTR_WEAKREF(sym)
      |                                      ^
/Users/lakhveersinghrajput/.rvm/rubies/ruby-3.2.0/include/ruby-3.2.0/ruby/internal/attr/maybe_unused.h:31:37: note: expanded from macro 'RBIMPL_ATTR_MAYBE_UNUSED'
   31 | # define RBIMPL_ATTR_MAYBE_UNUSED() [[maybe_unused]]
      |                                     ^
In file included from ed25519_ref10.c:1:
In file included from /Users/lakhveersinghrajput/.rvm/rubies/ruby-3.2.0/include/ruby-3.2.0/ruby.h:38:
In file included from /Users/lakhveersinghrajput/.rvm/rubies/ruby-3.2.0/include/ruby-3.2.0/ruby/ruby.h:27:
/Users/lakhveersinghrajput/.rvm/rubies/ruby-3.2.0/include/ruby-3.2.0/ruby/internal/anyargs.h:271:1: warning: [[]] attributes are a C2x extension [-Wc2x-extensions]
/Users/lakhveersinghrajput/.rvm/rubies/ruby-3.2.0/include/ruby-3.2.0/ruby/internal/anyargs.h:251:120: note: expanded from macro 'RBIMPL_ANYARGS_DECL'
  251 | RBIMPL_ANYARGS_ATTRSET(sym) static void sym ## _notimpl(__VA_ARGS__, VALUE(*)(int, const VALUE *, VALUE, VALUE), int); \
      |                                                                                                                        ^
/Users/lakhveersinghrajput/.rvm/rubies/ruby-3.2.0/include/ruby-3.2.0/ruby/internal/anyargs.h:249:38: note: expanded from macro '\
RBIMPL_ANYARGS_ATTRSET'
  249 | # define RBIMPL_ANYARGS_ATTRSET(sym) RBIMPL_ATTR_MAYBE_UNUSED() RBIMPL_ATTR_NONNULL(()) RBIMPL_ATTR_WEAKREF(sym)
      |                                      ^
/Users/lakhveersinghrajput/.rvm/rubies/ruby-3.2.0/include/ruby-3.2.0/ruby/internal/attr/maybe_unused.h:31:37: note: expanded from macro 'RBIMPL_ATTR_MAYBE_UNUSED'
   31 | # define RBIMPL_ATTR_MAYBE_UNUSED() [[maybe_unused]]
      |                                     ^
In file included from ed25519_ref10.c:1:
In file included from /Users/lakhveersinghrajput/.rvm/rubies/ruby-3.2.0/include/ruby-3.2.0/ruby.h:38:
In file included from /Users/lakhveersinghrajput/.rvm/rubies/ruby-3.2.0/include/ruby-3.2.0/ruby/ruby.h:27:
/Users/lakhveersinghrajput/.rvm/rubies/ruby-3.2.0/include/ruby-3.2.0/ruby/internal/anyargs.h:271:1: warning: a function declaration without a prototype is deprecated in all versions of C [-Wstrict-prototypes]
/Users/lakhveersinghrajput/.rvm/rubies/ruby-3.2.0/include/ruby-3.2.0/ruby/internal/anyargs.h:252:73: note: expanded from macro 'RBIMPL_ANYARGS_DECL'
  252 | RBIMPL_ANYARGS_ATTRSET(sym) static void sym ## _m3(__VA_ARGS__, VALUE(*)(ANYARGS), int); \
      |                                                                         ^
/Users/lakhveersinghrajput/.rvm/rubies/ruby-3.2.0/include/ruby-3.2.0/ruby/internal/anyargs.h:271:1: warning: [[]] attributes are a C2x extension [-Wc2x-extensions]
/Users/lakhveersinghrajput/.rvm/rubies/ruby-3.2.0/include/ruby-3.2.0/ruby/internal/anyargs.h:252:90: note: expanded from macro 'RBIMPL_ANYARGS_DECL'
  252 | RBIMPL_ANYARGS_ATTRSET(sym) static void sym ## _m3(__VA_ARGS__, VALUE(*)(ANYARGS), int); \
      |                                                                                          ^
/Users/lakhveersinghrajput/.rvm/rubies/ruby-3.2.0/include/ruby-3.2.0/ruby/internal/anyargs.h:249:38: note: expanded from macro '\
RBIMPL_ANYARGS_ATTRSET'
  249 | # define RBIMPL_ANYARGS_ATTRSET(sym) RBIMPL_ATTR_MAYBE_UNUSED() RBIMPL_ATTR_NONNULL(()) RBIMPL_ATTR_WEAKREF(sym)
      |                                      ^
/Users/lakhveersinghrajput/.rvm/rubies/ruby-3.2.0/include/ruby-3.2.0/ruby/internal/attr/maybe_unused.h:31:37: note: expanded from macro 'RBIMPL_ATTR_MAYBE_UNUSED'
   31 | # define RBIMPL_ATTR_MAYBE_UNUSED() [[maybe_unused]]
      |                                     ^
In file included from ed25519_ref10.c:1:
In file included from /Users/lakhveersinghrajput/.rvm/rubies/ruby-3.2.0/include/ruby-3.2.0/ruby.h:38:
In file included from /Users/lakhveersinghrajput/.rvm/rubies/ruby-3.2.0/include/ruby-3.2.0/ruby/ruby.h:27:
/Users/lakhveersinghrajput/.rvm/rubies/ruby-3.2.0/include/ruby-3.2.0/ruby/internal/anyargs.h:271:1: warning: [[]] attributes are a C2x extension [-Wc2x-extensions]
/Users/lakhveersinghrajput/.rvm/rubies/ruby-3.2.0/include/ruby-3.2.0/ruby/internal/anyargs.h:253:95: note: expanded from macro 'RBIMPL_ANYARGS_DECL'
  253 | RBIMPL_ANYARGS_ATTRSET(sym) static void sym ## _m2(__VA_ARGS__, VALUE(*)(VALUE, VALUE), int); \
      |                                                                                               ^
/Users/lakhveersinghrajput/.rvm/rubies/ruby-3.2.0/include/ruby-3.2.0/ruby/internal/anyargs.h:249:38: note: expanded from macro '\
RBIMPL_ANYARGS_ATTRSET'
  249 | # define RBIMPL_ANYARGS_ATTRSET(sym) RBIMPL_ATTR_MAYBE_UNUSED() RBIMPL_ATTR_NONNULL(()) RBIMPL_ATTR_WEAKREF(sym)
      |                                      ^
/Users/lakhveersinghrajput/.rvm/rubies/ruby-3.2.0/include/ruby-3.2.0/ruby/internal/attr/maybe_unused.h:31:37: note: expanded from macro 'RBIMPL_ATTR_MAYBE_UNUSED'
   31 | # define RBIMPL_ATTR_MAYBE_UNUSED() [[maybe_unused]]
      |                                     ^
In file included from ed25519_ref10.c:1:
In file included from /Users/lakhveersinghrajput/.rvm/rubies/ruby-3.2.0/include/ruby-3.2.0/ruby.h:38:
In file included from /Users/lakhveersinghrajput/.rvm/rubies/ruby-3.2.0/include/ruby-3.2.0/ruby/ruby.h:27:
/Users/lakhveersinghrajput/.rvm/rubies/ruby-3.2.0/include/ruby-3.2.0/ruby/internal/anyargs.h:271:1: warning: [[]] attributes are a C2x extension [-Wc2x-extensions]
/Users/lakhveersinghrajput/.rvm/rubies/ruby-3.2.0/include/ruby-3.2.0/ruby/internal/anyargs.h:254:169: note: expanded from macro 'RBIMPL_ANYARGS_DECL'
  254 | RBIMPL_ANYARGS_ATTRSET(sym) static void sym ## _m1(__VA_ARGS__, VALUE(*)(int, union { VALUE *x; const VALUE *y; } __attribute__((__transparent_union__)), VALUE), int); \
      |                                                                                                                                                                         ^
/Users/lakhveersinghrajput/.rvm/rubies/ruby-3.2.0/include/ruby-3.2.0/ruby/internal/anyargs.h:249:38: note: expanded from macro '\
RBIMPL_ANYARGS_ATTRSET'
  249 | # define RBIMPL_ANYARGS_ATTRSET(sym) RBIMPL_ATTR_MAYBE_UNUSED() RBIMPL_ATTR_NONNULL(()) RBIMPL_ATTR_WEAKREF(sym)
      |                                      ^
/Users/lakhveersinghrajput/.rvm/rubies/ruby-3.2.0/include/ruby-3.2.0/ruby/internal/attr/maybe_unused.h:31:37: note: expanded from macro 'RBIMPL_ATTR_MAYBE_UNUSED'
   31 | # define RBIMPL_ATTR_MAYBE_UNUSED() [[maybe_unused]]
      |                                     ^
In file included from ed25519_ref10.c:1:
In file included from /Users/lakhveersinghrajput/.rvm/rubies/ruby-3.2.0/include/ruby-3.2.0/ruby.h:38:
In file included from /Users/lakhveersinghrajput/.rvm/rubies/ruby-3.2.0/include/ruby-3.2.0/ruby/ruby.h:27:
/Users/lakhveersinghrajput/.rvm/rubies/ruby-3.2.0/include/ruby-3.2.0/ruby/internal/anyargs.h:271:1: warning: [[]] attributes are a C2x extension [-Wc2x-extensions]
/Users/lakhveersinghrajput/.rvm/rubies/ruby-3.2.0/include/ruby-3.2.0/ruby/internal/anyargs.h:255:88: note: expanded from macro 'RBIMPL_ANYARGS_DECL'
  255 | RBIMPL_ANYARGS_ATTRSET(sym) static void sym ## _00(__VA_ARGS__, VALUE(*)(VALUE), int); \
      |                                                                                        ^
/Users/lakhveersinghrajput/.rvm/rubies/ruby-3.2.0/include/ruby-3.2.0/ruby/internal/anyargs.h:249:38: note: expanded from macro '\
RBIMPL_ANYARGS_ATTRSET'
  249 | # define RBIMPL_ANYARGS_ATTRSET(sym) RBIMPL_ATTR_MAYBE_UNUSED() RBIMPL_ATTR_NONNULL(()) RBIMPL_ATTR_WEAKREF(sym)
      |                                      ^
/Users/lakhveersinghrajput/.rvm/rubies/ruby-3.2.0/include/ruby-3.2.0/ruby/internal/attr/maybe_unused.h:31:37: note: expanded from macro 'RBIMPL_ATTR_MAYBE_UNUSED'
   31 | # define RBIMPL_ATTR_MAYBE_UNUSED() [[maybe_unused]]
      |                                     ^
In file included from ed25519_ref10.c:1:
In file included from /Users/lakhveersinghrajput/.rvm/rubies/ruby-3.2.0/include/ruby-3.2.0/ruby.h:38:
In file included from /Users/lakhveersinghrajput/.rvm/rubies/ruby-3.2.0/include/ruby-3.2.0/ruby/ruby.h:27:
/Users/lakhveersinghrajput/.rvm/rubies/ruby-3.2.0/include/ruby-3.2.0/ruby/internal/anyargs.h:271:1: warning: [[]] attributes are a C2x extension [-Wc2x-extensions]
/Users/lakhveersinghrajput/.rvm/rubies/ruby-3.2.0/include/ruby-3.2.0/ruby/internal/anyargs.h:256:95: note: expanded from macro 'RBIMPL_ANYARGS_DECL'
  256 | RBIMPL_ANYARGS_ATTRSET(sym) static void sym ## _01(__VA_ARGS__, VALUE(*)(VALUE, VALUE), int); \
      |                                                                                               ^
/Users/lakhveersinghrajput/.rvm/rubies/ruby-3.2.0/include/ruby-3.2.0/ruby/internal/anyargs.h:249:38: note: expanded from macro '\
RBIMPL_ANYARGS_ATTRSET'
  249 | # define RBIMPL_ANYARGS_ATTRSET(sym) RBIMPL_ATTR_MAYBE_UNUSED() RBIMPL_ATTR_NONNULL(()) RBIMPL_ATTR_WEAKREF(sym)
      |                                      ^
/Users/lakhveersinghrajput/.rvm/rubies/ruby-3.2.0/include/ruby-3.2.0/ruby/internal/attr/maybe_unused.h:31:37: note: expanded from macro 'RBIMPL_ATTR_MAYBE_UNUSED'
   31 | # define RBIMPL_ATTR_MAYBE_UNUSED() [[maybe_unused]]
      |                                     ^
In file included from ed25519_ref10.c:1:
In file included from /Users/lakhveersinghrajput/.rvm/rubies/ruby-3.2.0/include/ruby-3.2.0/ruby.h:38:
In file included from /Users/lakhveersinghrajput/.rvm/rubies/ruby-3.2.0/include/ruby-3.2.0/ruby/ruby.h:27:
/Users/lakhveersinghrajput/.rvm/rubies/ruby-3.2.0/include/ruby-3.2.0/ruby/internal/anyargs.h:271:1: warning: [[]] attributes are a C2x extension [-Wc2x-extensions]
/Users/lakhveersinghrajput/.rvm/rubies/ruby-3.2.0/include/ruby-3.2.0/ruby/internal/anyargs.h:257:102: note: expanded from macro 'RBIMPL_ANYARGS_DECL'
  257 | RBIMPL_ANYARGS_ATTRSET(sym) static void sym ## _02(__VA_ARGS__, VALUE(*)(VALUE, VALUE, VALUE), int); \
      |                                                                                                      ^
/Users/lakhveersinghrajput/.rvm/rubies/ruby-3.2.0/include/ruby-3.2.0/ruby/internal/anyargs.h:249:38: note: expanded from macro '\
RBIMPL_ANYARGS_ATTRSET'
  249 | # define RBIMPL_ANYARGS_ATTRSET(sym) RBIMPL_ATTR_MAYBE_UNUSED() RBIMPL_ATTR_NONNULL(()) RBIMPL_ATTR_WEAKREF(sym)
      |                                      ^
/Users/lakhveersinghrajput/.rvm/rubies/ruby-3.2.0/include/ruby-3.2.0/ruby/internal/attr/maybe_unused.h:31:37: note: expanded from macro 'RBIMPL_ATTR_MAYBE_UNUSED'
   31 | # define RBIMPL_ATTR_MAYBE_UNUSED() [[maybe_unused]]
      |                                     ^
In file included from ed25519_ref10.c:1:
In file included from /Users/lakhveersinghrajput/.rvm/rubies/ruby-3.2.0/include/ruby-3.2.0/ruby.h:38:
In file included from /Users/lakhveersinghrajput/.rvm/rubies/ruby-3.2.0/include/ruby-3.2.0/ruby/ruby.h:27:
/Users/lakhveersinghrajput/.rvm/rubies/ruby-3.2.0/include/ruby-3.2.0/ruby/internal/anyargs.h:271:1: warning: [[]] attributes are a C2x extension [-Wc2x-extensions]
/Users/lakhveersinghrajput/.rvm/rubies/ruby-3.2.0/include/ruby-3.2.0/ruby/internal/anyargs.h:258:109: note: expanded from macro 'RBIMPL_ANYARGS_DECL'
  258 | RBIMPL_ANYARGS_ATTRSET(sym) static void sym ## _03(__VA_ARGS__, VALUE(*)(VALUE, VALUE, VALUE, VALUE), int); \
      |                                                                                                             ^
/Users/lakhveersinghrajput/.rvm/rubies/ruby-3.2.0/include/ruby-3.2.0/ruby/internal/anyargs.h:249:38: note: expanded from macro '\
RBIMPL_ANYARGS_ATTRSET'
  249 | # define RBIMPL_ANYARGS_ATTRSET(sym) RBIMPL_ATTR_MAYBE_UNUSED() RBIMPL_ATTR_NONNULL(()) RBIMPL_ATTR_WEAKREF(sym)
      |                                      ^
/Users/lakhveersinghrajput/.rvm/rubies/ruby-3.2.0/include/ruby-3.2.0/ruby/internal/attr/maybe_unused.h:31:37: note: expanded from macro 'RBIMPL_ATTR_MAYBE_UNUSED'
   31 | # define RBIMPL_ATTR_MAYBE_UNUSED() [[maybe_unused]]
      |                                     ^
In file included from ed25519_ref10.c:1:
In file included from /Users/lakhveersinghrajput/.rvm/rubies/ruby-3.2.0/include/ruby-3.2.0/ruby.h:38:
In file included from /Users/lakhveersinghrajput/.rvm/rubies/ruby-3.2.0/include/ruby-3.2.0/ruby/ruby.h:27:
/Users/lakhveersinghrajput/.rvm/rubies/ruby-3.2.0/include/ruby-3.2.0/ruby/internal/anyargs.h:271:1: warning: [[]] attributes are a C2x extension [-Wc2x-extensions]
/Users/lakhveersinghrajput/.rvm/rubies/ruby-3.2.0/include/ruby-3.2.0/ruby/internal/anyargs.h:259:116: note: expanded from macro 'RBIMPL_ANYARGS_DECL'
  259 | RBIMPL_ANYARGS_ATTRSET(sym) static void sym ## _04(__VA_ARGS__, VALUE(*)(VALUE, VALUE, VALUE, VALUE, VALUE), int); \
      |                                                                                                                    ^
/Users/lakhveersinghrajput/.rvm/rubies/ruby-3.2.0/include/ruby-3.2.0/ruby/internal/anyargs.h:249:38: note: expanded from macro '\
RBIMPL_ANYARGS_ATTRSET'
  249 | # define RBIMPL_ANYARGS_ATTRSET(sym) RBIMPL_ATTR_MAYBE_UNUSED() RBIMPL_ATTR_NONNULL(()) RBIMPL_ATTR_WEAKREF(sym)
      |                                      ^
/Users/lakhveersinghrajput/.rvm/rubies/ruby-3.2.0/include/ruby-3.2.0/ruby/internal/attr/maybe_unused.h:31:37: note: expanded from macro 'RBIMPL_ATTR_MAYBE_UNUSED'
   31 | # define RBIMPL_ATTR_MAYBE_UNUSED() [[maybe_unused]]
      |                                     ^
In file included from ed25519_ref10.c:1:
In file included from /Users/lakhveersinghrajput/.rvm/rubies/ruby-3.2.0/include/ruby-3.2.0/ruby.h:38:
In file included from /Users/lakhveersinghrajput/.rvm/rubies/ruby-3.2.0/include/ruby-3.2.0/ruby/ruby.h:27:
/Users/lakhveersinghrajput/.rvm/rubies/ruby-3.2.0/include/ruby-3.2.0/ruby/internal/anyargs.h:271:1: warning: [[]] attributes are a C2x extension [-Wc2x-extensions]
/Users/lakhveersinghrajput/.rvm/rubies/ruby-3.2.0/include/ruby-3.2.0/ruby/internal/anyargs.h:260:123: note: expanded from macro 'RBIMPL_ANYARGS_DECL'
  260 | RBIMPL_ANYARGS_ATTRSET(sym) static void sym ## _05(__VA_ARGS__, VALUE(*)(VALUE, VALUE, VALUE, VALUE, VALUE, VALUE), int); \
      |                                                                                                                           ^
/Users/lakhveersinghrajput/.rvm/rubies/ruby-3.2.0/include/ruby-3.2.0/ruby/internal/anyargs.h:249:38: note: expanded from macro '\
RBIMPL_ANYARGS_ATTRSET'
  249 | # define RBIMPL_ANYARGS_ATTRSET(sym) RBIMPL_ATTR_MAYBE_UNUSED() RBIMPL_ATTR_NONNULL(()) RBIMPL_ATTR_WEAKREF(sym)
      |                                      ^
/Users/lakhveersinghrajput/.rvm/rubies/ruby-3.2.0/include/ruby-3.2.0/ruby/internal/attr/maybe_unused.h:31:37: note: expanded from macro 'RBIMPL_ATTR_MAYBE_UNUSED'
   31 | # define RBIMPL_ATTR_MAYBE_UNUSED() [[maybe_unused]]
      |                                     ^
In file included from ed25519_ref10.c:1:
In file included from /Users/lakhveersinghrajput/.rvm/rubies/ruby-3.2.0/include/ruby-3.2.0/ruby.h:38:
In file included from /Users/lakhveersinghrajput/.rvm/rubies/ruby-3.2.0/include/ruby-3.2.0/ruby/ruby.h:27:
/Users/lakhveersinghrajput/.rvm/rubies/ruby-3.2.0/include/ruby-3.2.0/ruby/internal/anyargs.h:271:1: warning: [[]] attributes are a C2x extension [-Wc2x-extensions]
/Users/lakhveersinghrajput/.rvm/rubies/ruby-3.2.0/include/ruby-3.2.0/ruby/internal/anyargs.h:261:130: note: expanded from macro 'RBIMPL_ANYARGS_DECL'
  261 | RBIMPL_ANYARGS_ATTRSET(sym) static void sym ## _06(__VA_ARGS__, VALUE(*)(VALUE, VALUE, VALUE, VALUE, VALUE, VALUE, VALUE), int); \
      |                                                                                                                                  ^
/Users/lakhveersinghrajput/.rvm/rubies/ruby-3.2.0/include/ruby-3.2.0/ruby/internal/anyargs.h:249:38: note: expanded from macro '\
RBIMPL_ANYARGS_ATTRSET'
  249 | # define RBIMPL_ANYARGS_ATTRSET(sym) RBIMPL_ATTR_MAYBE_UNUSED() RBIMPL_ATTR_NONNULL(()) RBIMPL_ATTR_WEAKREF(sym)
      |                                      ^
/Users/lakhveersinghrajput/.rvm/rubies/ruby-3.2.0/include/ruby-3.2.0/ruby/internal/attr/maybe_unused.h:31:37: note: expanded from macro 'RBIMPL_ATTR_MAYBE_UNUSED'
   31 | # define RBIMPL_ATTR_MAYBE_UNUSED() [[maybe_unused]]
      |                                     ^
In file included from ed25519_ref10.c:1:
In file included from /Users/lakhveersinghrajput/.rvm/rubies/ruby-3.2.0/include/ruby-3.2.0/ruby.h:38:
In file included from /Users/lakhveersinghrajput/.rvm/rubies/ruby-3.2.0/include/ruby-3.2.0/ruby/ruby.h:27:
/Users/lakhveersinghrajput/.rvm/rubies/ruby-3.2.0/include/ruby-3.2.0/ruby/internal/anyargs.h:271:1: warning: [[]] attributes are a C2x extension [-Wc2x-extensions]
/Users/lakhveersinghrajput/.rvm/rubies/ruby-3.2.0/include/ruby-3.2.0/ruby/internal/anyargs.h:262:137: note: expanded from macro 'RBIMPL_ANYARGS_DECL'
  262 | RBIMPL_ANYARGS_ATTRSET(sym) static void sym ## _07(__VA_ARGS__, VALUE(*)(VALUE, VALUE, VALUE, VALUE, VALUE, VALUE, VALUE, VALUE), int); \
      |                                                                                                                                         ^
/Users/lakhveersinghrajput/.rvm/rubies/ruby-3.2.0/include/ruby-3.2.0/ruby/internal/anyargs.h:249:38: note: expanded from macro '\
RBIMPL_ANYARGS_ATTRSET'
  249 | # define RBIMPL_ANYARGS_ATTRSET(sym) RBIMPL_ATTR_MAYBE_UNUSED() RBIMPL_ATTR_NONNULL(()) RBIMPL_ATTR_WEAKREF(sym)
      |                                      ^
/Users/lakhveersinghrajput/.rvm/rubies/ruby-3.2.0/include/ruby-3.2.0/ruby/internal/attr/maybe_unused.h:31:37: note: expanded from macro 'RBIMPL_ATTR_MAYBE_UNUSED'
   31 | # define RBIMPL_ATTR_MAYBE_UNUSED() [[maybe_unused]]
      |                                     ^
In file included from ed25519_ref10.c:1:
In file included from /Users/lakhveersinghrajput/.rvm/rubies/ruby-3.2.0/include/ruby-3.2.0/ruby.h:38:
In file included from /Users/lakhveersinghrajput/.rvm/rubies/ruby-3.2.0/include/ruby-3.2.0/ruby/ruby.h:27:
/Users/lakhveersinghrajput/.rvm/rubies/ruby-3.2.0/include/ruby-3.2.0/ruby/internal/anyargs.h:271:1: warning: [[]] attributes are a C2x extension [-Wc2x-extensions]
/Users/lakhveersinghrajput/.rvm/rubies/ruby-3.2.0/include/ruby-3.2.0/ruby/internal/anyargs.h:263:144: note: expanded from macro 'RBIMPL_ANYARGS_DECL'
  263 | RBIMPL_ANYARGS_ATTRSET(sym) static void sym ## _08(__VA_ARGS__, VALUE(*)(VALUE, VALUE, VALUE, VALUE, VALUE, VALUE, VALUE, VALUE, VALUE), int); \
      |                                                                                                                                                ^
/Users/lakhveersinghrajput/.rvm/rubies/ruby-3.2.0/include/ruby-3.2.0/ruby/internal/anyargs.h:249:38: note: expanded from macro '\
RBIMPL_ANYARGS_ATTRSET'
  249 | # define RBIMPL_ANYARGS_ATTRSET(sym) RBIMPL_ATTR_MAYBE_UNUSED() RBIMPL_ATTR_NONNULL(()) RBIMPL_ATTR_WEAKREF(sym)
      |                                      ^
/Users/lakhveersinghrajput/.rvm/rubies/ruby-3.2.0/include/ruby-3.2.0/ruby/internal/attr/maybe_unused.h:31:37: note: expanded from macro 'RBIMPL_ATTR_MAYBE_UNUSED'
   31 | # define RBIMPL_ATTR_MAYBE_UNUSED() [[maybe_unused]]
      |                                     ^
In file included from ed25519_ref10.c:1:
In file included from /Users/lakhveersinghrajput/.rvm/rubies/ruby-3.2.0/include/ruby-3.2.0/ruby.h:38:
In file included from /Users/lakhveersinghrajput/.rvm/rubies/ruby-3.2.0/include/ruby-3.2.0/ruby/ruby.h:27:
/Users/lakhveersinghrajput/.rvm/rubies/ruby-3.2.0/include/ruby-3.2.0/ruby/internal/anyargs.h:271:1: warning: [[]] attributes are a C2x extension [-Wc2x-extensions]
/Users/lakhveersinghrajput/.rvm/rubies/ruby-3.2.0/include/ruby-3.2.0/ruby/internal/anyargs.h:264:151: note: expanded from macro 'RBIMPL_ANYARGS_DECL'
  264 | RBIMPL_ANYARGS_ATTRSET(sym) static void sym ## _09(__VA_ARGS__, VALUE(*)(VALUE, VALUE, VALUE, VALUE, VALUE, VALUE, VALUE, VALUE, VALUE, VALUE), int); \
      |                                                                                                                                                       ^
/Users/lakhveersinghrajput/.rvm/rubies/ruby-3.2.0/include/ruby-3.2.0/ruby/internal/anyargs.h:249:38: note: expanded from macro '\
RBIMPL_ANYARGS_ATTRSET'
  249 | # define RBIMPL_ANYARGS_ATTRSET(sym) RBIMPL_ATTR_MAYBE_UNUSED() RBIMPL_ATTR_NONNULL(()) RBIMPL_ATTR_WEAKREF(sym)
      |                                      ^
/Users/lakhveersinghrajput/.rvm/rubies/ruby-3.2.0/include/ruby-3.2.0/ruby/internal/attr/maybe_unused.h:31:37: note: expanded from macro 'RBIMPL_ATTR_MAYBE_UNUSED'
   31 | # define RBIMPL_ATTR_MAYBE_UNUSED() [[maybe_unused]]
      |                                     ^
In file included from ed25519_ref10.c:1:
In file included from /Users/lakhveersinghrajput/.rvm/rubies/ruby-3.2.0/include/ruby-3.2.0/ruby.h:38:
In file included from /Users/lakhveersinghrajput/.rvm/rubies/ruby-3.2.0/include/ruby-3.2.0/ruby/ruby.h:27:
/Users/lakhveersinghrajput/.rvm/rubies/ruby-3.2.0/include/ruby-3.2.0/ruby/internal/anyargs.h:271:1: warning: [[]] attributes are a C2x extension [-Wc2x-extensions]
/Users/lakhveersinghrajput/.rvm/rubies/ruby-3.2.0/include/ruby-3.2.0/ruby/internal/anyargs.h:265:158: note: expanded from macro 'RBIMPL_ANYARGS_DECL'
  265 | RBIMPL_ANYARGS_ATTRSET(sym) static void sym ## _10(__VA_ARGS__, VALUE(*)(VALUE, VALUE, VALUE, VALUE, VALUE, VALUE, VALUE, VALUE, VALUE, VALUE, VALUE), int); \
      |                                                                                                                                                              ^
/Users/lakhveersinghrajput/.rvm/rubies/ruby-3.2.0/include/ruby-3.2.0/ruby/internal/anyargs.h:249:38: note: expanded from macro '\
RBIMPL_ANYARGS_ATTRSET'
  249 | # define RBIMPL_ANYARGS_ATTRSET(sym) RBIMPL_ATTR_MAYBE_UNUSED() RBIMPL_ATTR_NONNULL(()) RBIMPL_ATTR_WEAKREF(sym)
      |                                      ^
/Users/lakhveersinghrajput/.rvm/rubies/ruby-3.2.0/include/ruby-3.2.0/ruby/internal/attr/maybe_unused.h:31:37: note: expanded from macro 'RBIMPL_ATTR_MAYBE_UNUSED'
   31 | # define RBIMPL_ATTR_MAYBE_UNUSED() [[maybe_unused]]
      |                                     ^
In file included from ed25519_ref10.c:1:
In file included from /Users/lakhveersinghrajput/.rvm/rubies/ruby-3.2.0/include/ruby-3.2.0/ruby.h:38:
In file included from /Users/lakhveersinghrajput/.rvm/rubies/ruby-3.2.0/include/ruby-3.2.0/ruby/ruby.h:27:
/Users/lakhveersinghrajput/.rvm/rubies/ruby-3.2.0/include/ruby-3.2.0/ruby/internal/anyargs.h:271:1: warning: [[]] attributes are a C2x extension [-Wc2x-extensions]
/Users/lakhveersinghrajput/.rvm/rubies/ruby-3.2.0/include/ruby-3.2.0/ruby/internal/anyargs.h:266:165: note: expanded from macro 'RBIMPL_ANYARGS_DECL'
  266 | RBIMPL_ANYARGS_ATTRSET(sym) static void sym ## _11(__VA_ARGS__, VALUE(*)(VALUE, VALUE, VALUE, VALUE, VALUE, VALUE, VALUE, VALUE, VALUE, VALUE, VALUE, VALUE), int); \
      |                                                                                                                                                                     ^
/Users/lakhveersinghrajput/.rvm/rubies/ruby-3.2.0/include/ruby-3.2.0/ruby/internal/anyargs.h:249:38: note: expanded from macro '\
RBIMPL_ANYARGS_ATTRSET'
  249 | # define RBIMPL_ANYARGS_ATTRSET(sym) RBIMPL_ATTR_MAYBE_UNUSED() RBIMPL_ATTR_NONNULL(()) RBIMPL_ATTR_WEAKREF(sym)
      |                                      ^
/Users/lakhveersinghrajput/.rvm/rubies/ruby-3.2.0/include/ruby-3.2.0/ruby/internal/attr/maybe_unused.h:31:37: note: expanded from macro 'RBIMPL_ATTR_MAYBE_UNUSED'
   31 | # define RBIMPL_ATTR_MAYBE_UNUSED() [[maybe_unused]]
      |                                     ^
In file included from ed25519_ref10.c:1:
In file included from /Users/lakhveersinghrajput/.rvm/rubies/ruby-3.2.0/include/ruby-3.2.0/ruby.h:38:
In file included from /Users/lakhveersinghrajput/.rvm/rubies/ruby-3.2.0/include/ruby-3.2.0/ruby/ruby.h:27:
/Users/lakhveersinghrajput/.rvm/rubies/ruby-3.2.0/include/ruby-3.2.0/ruby/internal/anyargs.h:271:1: warning: [[]] attributes are a C2x extension [-Wc2x-extensions]
/Users/lakhveersinghrajput/.rvm/rubies/ruby-3.2.0/include/ruby-3.2.0/ruby/internal/anyargs.h:267:172: note: expanded from macro 'RBIMPL_ANYARGS_DECL'
  267 | RBIMPL_ANYARGS_ATTRSET(sym) static void sym ## _12(__VA_ARGS__, VALUE(*)(VALUE, VALUE, VALUE, VALUE, VALUE, VALUE, VALUE, VALUE, VALUE, VALUE, VALUE, VALUE, VALUE), int); \
      |                                                                                                                                                                            ^
/Users/lakhveersinghrajput/.rvm/rubies/ruby-3.2.0/include/ruby-3.2.0/ruby/internal/anyargs.h:249:38: note: expanded from macro '\
RBIMPL_ANYARGS_ATTRSET'
  249 | # define RBIMPL_ANYARGS_ATTRSET(sym) RBIMPL_ATTR_MAYBE_UNUSED() RBIMPL_ATTR_NONNULL(()) RBIMPL_ATTR_WEAKREF(sym)
      |                                      ^
/Users/lakhveersinghrajput/.rvm/rubies/ruby-3.2.0/include/ruby-3.2.0/ruby/internal/attr/maybe_unused.h:31:37: note: expanded from macro 'RBIMPL_ATTR_MAYBE_UNUSED'
   31 | # define RBIMPL_ATTR_MAYBE_UNUSED() [[maybe_unused]]
      |                                     ^
In file included from ed25519_ref10.c:1:
In file included from /Users/lakhveersinghrajput/.rvm/rubies/ruby-3.2.0/include/ruby-3.2.0/ruby.h:38:
In file included from /Users/lakhveersinghrajput/.rvm/rubies/ruby-3.2.0/include/ruby-3.2.0/ruby/ruby.h:27:
/Users/lakhveersinghrajput/.rvm/rubies/ruby-3.2.0/include/ruby-3.2.0/ruby/internal/anyargs.h:271:1: warning: [[]] attributes are a C2x extension [-Wc2x-extensions]
/Users/lakhveersinghrajput/.rvm/rubies/ruby-3.2.0/include/ruby-3.2.0/ruby/internal/anyargs.h:268:179: note: expanded from macro 'RBIMPL_ANYARGS_DECL'
  268 | RBIMPL_ANYARGS_ATTRSET(sym) static void sym ## _13(__VA_ARGS__, VALUE(*)(VALUE, VALUE, VALUE, VALUE, VALUE, VALUE, VALUE, VALUE, VALUE, VALUE, VALUE, VALUE, VALUE, VALUE), int); \
      |                                                                                                                                                                                   ^
/Users/lakhveersinghrajput/.rvm/rubies/ruby-3.2.0/include/ruby-3.2.0/ruby/internal/anyargs.h:249:38: note: expanded from macro '\
RBIMPL_ANYARGS_ATTRSET'
  249 | # define RBIMPL_ANYARGS_ATTRSET(sym) RBIMPL_ATTR_MAYBE_UNUSED() RBIMPL_ATTR_NONNULL(()) RBIMPL_ATTR_WEAKREF(sym)
      |                                      ^
/Users/lakhveersinghrajput/.rvm/rubies/ruby-3.2.0/include/ruby-3.2.0/ruby/internal/attr/maybe_unused.h:31:37: note: expanded from macro 'RBIMPL_ATTR_MAYBE_UNUSED'
   31 | # define RBIMPL_ATTR_MAYBE_UNUSED() [[maybe_unused]]
      |                                     ^
In file included from ed25519_ref10.c:1:
In file included from /Users/lakhveersinghrajput/.rvm/rubies/ruby-3.2.0/include/ruby-3.2.0/ruby.h:38:
In file included from /Users/lakhveersinghrajput/.rvm/rubies/ruby-3.2.0/include/ruby-3.2.0/ruby/ruby.h:27:
/Users/lakhveersinghrajput/.rvm/rubies/ruby-3.2.0/include/ruby-3.2.0/ruby/internal/anyargs.h:271:1: warning: [[]] attributes are a C2x extension [-Wc2x-extensions]
/Users/lakhveersinghrajput/.rvm/rubies/ruby-3.2.0/include/ruby-3.2.0/ruby/internal/anyargs.h:269:186: note: expanded from macro 'RBIMPL_ANYARGS_DECL'
  269 | RBIMPL_ANYARGS_ATTRSET(sym) static void sym ## _14(__VA_ARGS__, VALUE(*)(VALUE, VALUE, VALUE, VALUE, VALUE, VALUE, VALUE, VALUE, VALUE, VALUE, VALUE, VALUE, VALUE, VALUE, VALUE), int); \
      |                                                                                                                                                                                          ^
/Users/lakhveersinghrajput/.rvm/rubies/ruby-3.2.0/include/ruby-3.2.0/ruby/internal/anyargs.h:249:38: note: expanded from macro '\
RBIMPL_ANYARGS_ATTRSET'
  249 | # define RBIMPL_ANYARGS_ATTRSET(sym) RBIMPL_ATTR_MAYBE_UNUSED() RBIMPL_ATTR_NONNULL(()) RBIMPL_ATTR_WEAKREF(sym)
      |                                      ^
/Users/lakhveersinghrajput/.rvm/rubies/ruby-3.2.0/include/ruby-3.2.0/ruby/internal/attr/maybe_unused.h:31:37: note: expanded from macro 'RBIMPL_ATTR_MAYBE_UNUSED'
   31 | # define RBIMPL_ATTR_MAYBE_UNUSED() [[maybe_unused]]
      |                                     ^
In file included from ed25519_ref10.c:1:
In file included from /Users/lakhveersinghrajput/.rvm/rubies/ruby-3.2.0/include/ruby-3.2.0/ruby.h:38:
In file included from /Users/lakhveersinghrajput/.rvm/rubies/ruby-3.2.0/include/ruby-3.2.0/ruby/ruby.h:27:
/Users/lakhveersinghrajput/.rvm/rubies/ruby-3.2.0/include/ruby-3.2.0/ruby/internal/anyargs.h:272:1: warning: [[]] attributes are a C2x extension [-Wc2x-extensions]
  272 | RBIMPL_ANYARGS_DECL(rb_define_protected_method, VALUE, const char *)
      | ^
/Users/lakhveersinghrajput/.rvm/rubies/ruby-3.2.0/include/ruby-3.2.0/ruby/internal/anyargs.h:250:40: note: expanded from macro 'RBIMPL_ANYARGS_DECL'
  250 | # define RBIMPL_ANYARGS_DECL(sym, ...) \
      |                                        ^
/Users/lakhveersinghrajput/.rvm/rubies/ruby-3.2.0/include/ruby-3.2.0/ruby/internal/anyargs.h:249:38: note: expanded from macro '\
RBIMPL_ANYARGS_ATTRSET'
  249 | # define RBIMPL_ANYARGS_ATTRSET(sym) RBIMPL_ATTR_MAYBE_UNUSED() RBIMPL_ATTR_NONNULL(()) RBIMPL_ATTR_WEAKREF(sym)
      |                                      ^
/Users/lakhveersinghrajput/.rvm/rubies/ruby-3.2.0/include/ruby-3.2.0/ruby/internal/attr/maybe_unused.h:31:37: note: expanded from macro 'RBIMPL_ATTR_MAYBE_UNUSED'
   31 | # define RBIMPL_ATTR_MAYBE_UNUSED() [[maybe_unused]]
      |                                     ^
In file included from ed25519_ref10.c:1:
In file included from /Users/lakhveersinghrajput/.rvm/rubies/ruby-3.2.0/include/ruby-3.2.0/ruby.h:38:
In file included from /Users/lakhveersinghrajput/.rvm/rubies/ruby-3.2.0/include/ruby-3.2.0/ruby/ruby.h:27:
/Users/lakhveersinghrajput/.rvm/rubies/ruby-3.2.0/include/ruby-3.2.0/ruby/internal/anyargs.h:272:1: warning: [[]] attributes are a C2x extension [-Wc2x-extensions]
/Users/lakhveersinghrajput/.rvm/rubies/ruby-3.2.0/include/ruby-3.2.0/ruby/internal/anyargs.h:251:120: note: expanded from macro 'RBIMPL_ANYARGS_DECL'
  251 | RBIMPL_ANYARGS_ATTRSET(sym) static void sym ## _notimpl(__VA_ARGS__, VALUE(*)(int, const VALUE *, VALUE, VALUE), int); \
      |                                                                                                                        ^
/Users/lakhveersinghrajput/.rvm/rubies/ruby-3.2.0/include/ruby-3.2.0/ruby/internal/anyargs.h:249:38: note: expanded from macro '\
RBIMPL_ANYARGS_ATTRSET'
  249 | # define RBIMPL_ANYARGS_ATTRSET(sym) RBIMPL_ATTR_MAYBE_UNUSED() RBIMPL_ATTR_NONNULL(()) RBIMPL_ATTR_WEAKREF(sym)
      |                                      ^
/Users/lakhveersinghrajput/.rvm/rubies/ruby-3.2.0/include/ruby-3.2.0/ruby/internal/attr/maybe_unused.h:31:37: note: expanded from macro 'RBIMPL_ATTR_MAYBE_UNUSED'
   31 | # define RBIMPL_ATTR_MAYBE_UNUSED() [[maybe_unused]]
      |                                     ^
In file included from ed25519_ref10.c:1:
In file included from /Users/lakhveersinghrajput/.rvm/rubies/ruby-3.2.0/include/ruby-3.2.0/ruby.h:38:
In file included from /Users/lakhveersinghrajput/.rvm/rubies/ruby-3.2.0/include/ruby-3.2.0/ruby/ruby.h:27:
/Users/lakhveersinghrajput/.rvm/rubies/ruby-3.2.0/include/ruby-3.2.0/ruby/internal/anyargs.h:272:1: warning: a function declaration without a prototype is deprecated in all versions of C [-Wstrict-prototypes]
/Users/lakhveersinghrajput/.rvm/rubies/ruby-3.2.0/include/ruby-3.2.0/ruby/internal/anyargs.h:252:73: note: expanded from macro 'RBIMPL_ANYARGS_DECL'
  252 | RBIMPL_ANYARGS_ATTRSET(sym) static void sym ## _m3(__VA_ARGS__, VALUE(*)(ANYARGS), int); \
      |                                                                         ^
/Users/lakhveersinghrajput/.rvm/rubies/ruby-3.2.0/include/ruby-3.2.0/ruby/internal/anyargs.h:272:1: warning: [[]] attributes are a C2x extension [-Wc2x-extensions]
/Users/lakhveersinghrajput/.rvm/rubies/ruby-3.2.0/include/ruby-3.2.0/ruby/internal/anyargs.h:252:90: note: expanded from macro 'RBIMPL_ANYARGS_DECL'
  252 | RBIMPL_ANYARGS_ATTRSET(sym) static void sym ## _m3(__VA_ARGS__, VALUE(*)(ANYARGS), int); \
      |                                                                                          ^
/Users/lakhveersinghrajput/.rvm/rubies/ruby-3.2.0/include/ruby-3.2.0/ruby/internal/anyargs.h:249:38: note: expanded from macro '\
RBIMPL_ANYARGS_ATTRSET'
  249 | # define RBIMPL_ANYARGS_ATTRSET(sym) RBIMPL_ATTR_MAYBE_UNUSED() RBIMPL_ATTR_NONNULL(()) RBIMPL_ATTR_WEAKREF(sym)
      |                                      ^
/Users/lakhveersinghrajput/.rvm/rubies/ruby-3.2.0/include/ruby-3.2.0/ruby/internal/attr/maybe_unused.h:31:37: note: expanded from macro 'RBIMPL_ATTR_MAYBE_UNUSED'
   31 | # define RBIMPL_ATTR_MAYBE_UNUSED() [[maybe_unused]]
      |                                     ^
In file included from ed25519_ref10.c:1:
In file included from /Users/lakhveersinghrajput/.rvm/rubies/ruby-3.2.0/include/ruby-3.2.0/ruby.h:38:
In file included from /Users/lakhveersinghrajput/.rvm/rubies/ruby-3.2.0/include/ruby-3.2.0/ruby/ruby.h:27:
/Users/lakhveersinghrajput/.rvm/rubies/ruby-3.2.0/include/ruby-3.2.0/ruby/internal/anyargs.h:272:1: warning: [[]] attributes are a C2x extension [-Wc2x-extensions]
/Users/lakhveersinghrajput/.rvm/rubies/ruby-3.2.0/include/ruby-3.2.0/ruby/internal/anyargs.h:253:95: note: expanded from macro 'RBIMPL_ANYARGS_DECL'
  253 | RBIMPL_ANYARGS_ATTRSET(sym) static void sym ## _m2(__VA_ARGS__, VALUE(*)(VALUE, VALUE), int); \
      |                                                                                               ^
/Users/lakhveersinghrajput/.rvm/rubies/ruby-3.2.0/include/ruby-3.2.0/ruby/internal/anyargs.h:249:38: note: expanded from macro '\
RBIMPL_ANYARGS_ATTRSET'
  249 | # define RBIMPL_ANYARGS_ATTRSET(sym) RBIMPL_ATTR_MAYBE_UNUSED() RBIMPL_ATTR_NONNULL(()) RBIMPL_ATTR_WEAKREF(sym)
      |                                      ^
/Users/lakhveersinghrajput/.rvm/rubies/ruby-3.2.0/include/ruby-3.2.0/ruby/internal/attr/maybe_unused.h:31:37: note: expanded from macro 'RBIMPL_ATTR_MAYBE_UNUSED'
   31 | # define RBIMPL_ATTR_MAYBE_UNUSED() [[maybe_unused]]
      |                                     ^
In file included from ed25519_ref10.c:1:
In file included from /Users/lakhveersinghrajput/.rvm/rubies/ruby-3.2.0/include/ruby-3.2.0/ruby.h:38:
In file included from /Users/lakhveersinghrajput/.rvm/rubies/ruby-3.2.0/include/ruby-3.2.0/ruby/ruby.h:27:
/Users/lakhveersinghrajput/.rvm/rubies/ruby-3.2.0/include/ruby-3.2.0/ruby/internal/anyargs.h:272:1: warning: [[]] attributes are a C2x extension [-Wc2x-extensions]
/Users/lakhveersinghrajput/.rvm/rubies/ruby-3.2.0/include/ruby-3.2.0/ruby/internal/anyargs.h:254:169: note: expanded from macro 'RBIMPL_ANYARGS_DECL'
  254 | RBIMPL_ANYARGS_ATTRSET(sym) static void sym ## _m1(__VA_ARGS__, VALUE(*)(int, union { VALUE *x; const VALUE *y; } __attribute__((__transparent_union__)), VALUE), int); \
      |                                                                                                                                                                         ^
/Users/lakhveersinghrajput/.rvm/rubies/ruby-3.2.0/include/ruby-3.2.0/ruby/internal/anyargs.h:249:38: note: expanded from macro '\
RBIMPL_ANYARGS_ATTRSET'
  249 | # define RBIMPL_ANYARGS_ATTRSET(sym) RBIMPL_ATTR_MAYBE_UNUSED() RBIMPL_ATTR_NONNULL(()) RBIMPL_ATTR_WEAKREF(sym)
      |                                      ^
/Users/lakhveersinghrajput/.rvm/rubies/ruby-3.2.0/include/ruby-3.2.0/ruby/internal/attr/maybe_unused.h:31:37: note: expanded from macro 'RBIMPL_ATTR_MAYBE_UNUSED'
   31 | # define RBIMPL_ATTR_MAYBE_UNUSED() [[maybe_unused]]
      |                                     ^
In file included from ed25519_ref10.c:1:
In file included from /Users/lakhveersinghrajput/.rvm/rubies/ruby-3.2.0/include/ruby-3.2.0/ruby.h:38:
In file included from /Users/lakhveersinghrajput/.rvm/rubies/ruby-3.2.0/include/ruby-3.2.0/ruby/ruby.h:27:
/Users/lakhveersinghrajput/.rvm/rubies/ruby-3.2.0/include/ruby-3.2.0/ruby/internal/anyargs.h:272:1: warning: [[]] attributes are a C2x extension [-Wc2x-extensions]
/Users/lakhveersinghrajput/.rvm/rubies/ruby-3.2.0/include/ruby-3.2.0/ruby/internal/anyargs.h:255:88: note: expanded from macro 'RBIMPL_ANYARGS_DECL'
  255 | RBIMPL_ANYARGS_ATTRSET(sym) static void sym ## _00(__VA_ARGS__, VALUE(*)(VALUE), int); \
      |                                                                                        ^
/Users/lakhveersinghrajput/.rvm/rubies/ruby-3.2.0/include/ruby-3.2.0/ruby/internal/anyargs.h:249:38: note: expanded from macro '\
RBIMPL_ANYARGS_ATTRSET'
  249 | # define RBIMPL_ANYARGS_ATTRSET(sym) RBIMPL_ATTR_MAYBE_UNUSED() RBIMPL_ATTR_NONNULL(()) RBIMPL_ATTR_WEAKREF(sym)
      |                                      ^
/Users/lakhveersinghrajput/.rvm/rubies/ruby-3.2.0/include/ruby-3.2.0/ruby/internal/attr/maybe_unused.h:31:37: note: expanded from macro 'RBIMPL_ATTR_MAYBE_UNUSED'
   31 | # define RBIMPL_ATTR_MAYBE_UNUSED() [[maybe_unused]]
      |                                     ^
In file included from ed25519_ref10.c:1:
In file included from /Users/lakhveersinghrajput/.rvm/rubies/ruby-3.2.0/include/ruby-3.2.0/ruby.h:38:
In file included from /Users/lakhveersinghrajput/.rvm/rubies/ruby-3.2.0/include/ruby-3.2.0/ruby/ruby.h:27:
/Users/lakhveersinghrajput/.rvm/rubies/ruby-3.2.0/include/ruby-3.2.0/ruby/internal/anyargs.h:272:1: warning: [[]] attributes are a C2x extension [-Wc2x-extensions]
/Users/lakhveersinghrajput/.rvm/rubies/ruby-3.2.0/include/ruby-3.2.0/ruby/internal/anyargs.h:256:95: note: expanded from macro 'RBIMPL_ANYARGS_DECL'
  256 | RBIMPL_ANYARGS_ATTRSET(sym) static void sym ## _01(__VA_ARGS__, VALUE(*)(VALUE, VALUE), int); \
      |                                                                                               ^
/Users/lakhveersinghrajput/.rvm/rubies/ruby-3.2.0/include/ruby-3.2.0/ruby/internal/anyargs.h:249:38: note: expanded from macro '\
RBIMPL_ANYARGS_ATTRSET'
  249 | # define RBIMPL_ANYARGS_ATTRSET(sym) RBIMPL_ATTR_MAYBE_UNUSED() RBIMPL_ATTR_NONNULL(()) RBIMPL_ATTR_WEAKREF(sym)
      |                                      ^
/Users/lakhveersinghrajput/.rvm/rubies/ruby-3.2.0/include/ruby-3.2.0/ruby/internal/attr/maybe_unused.h:31:37: note: expanded from macro 'RBIMPL_ATTR_MAYBE_UNUSED'
   31 | # define RBIMPL_ATTR_MAYBE_UNUSED() [[maybe_unused]]
      |                                     ^
In file included from ed25519_ref10.c:1:
In file included from /Users/lakhveersinghrajput/.rvm/rubies/ruby-3.2.0/include/ruby-3.2.0/ruby.h:38:
In file included from /Users/lakhveersinghrajput/.rvm/rubies/ruby-3.2.0/include/ruby-3.2.0/ruby/ruby.h:27:
/Users/lakhveersinghrajput/.rvm/rubies/ruby-3.2.0/include/ruby-3.2.0/ruby/internal/anyargs.h:272:1: warning: [[]] attributes are a C2x extension [-Wc2x-extensions]
/Users/lakhveersinghrajput/.rvm/rubies/ruby-3.2.0/include/ruby-3.2.0/ruby/internal/anyargs.h:257:102: note: expanded from macro 'RBIMPL_ANYARGS_DECL'
  257 | RBIMPL_ANYARGS_ATTRSET(sym) static void sym ## _02(__VA_ARGS__, VALUE(*)(VALUE, VALUE, VALUE), int); \
      |                                                                                                      ^
/Users/lakhveersinghrajput/.rvm/rubies/ruby-3.2.0/include/ruby-3.2.0/ruby/internal/anyargs.h:249:38: note: expanded from macro '\
RBIMPL_ANYARGS_ATTRSET'
  249 | # define RBIMPL_ANYARGS_ATTRSET(sym) RBIMPL_ATTR_MAYBE_UNUSED() RBIMPL_ATTR_NONNULL(()) RBIMPL_ATTR_WEAKREF(sym)
      |                                      ^
/Users/lakhveersinghrajput/.rvm/rubies/ruby-3.2.0/include/ruby-3.2.0/ruby/internal/attr/maybe_unused.h:31:37: note: expanded from macro 'RBIMPL_ATTR_MAYBE_UNUSED'
   31 | # define RBIMPL_ATTR_MAYBE_UNUSED() [[maybe_unused]]
      |                                     ^
In file included from ed25519_ref10.c:1:
In file included from /Users/lakhveersinghrajput/.rvm/rubies/ruby-3.2.0/include/ruby-3.2.0/ruby.h:38:
In file included from /Users/lakhveersinghrajput/.rvm/rubies/ruby-3.2.0/include/ruby-3.2.0/ruby/ruby.h:27:
/Users/lakhveersinghrajput/.rvm/rubies/ruby-3.2.0/include/ruby-3.2.0/ruby/internal/anyargs.h:272:1: warning: [[]] attributes are a C2x extension [-Wc2x-extensions]
/Users/lakhveersinghrajput/.rvm/rubies/ruby-3.2.0/include/ruby-3.2.0/ruby/internal/anyargs.h:258:109: note: expanded from macro 'RBIMPL_ANYARGS_DECL'
  258 | RBIMPL_ANYARGS_ATTRSET(sym) static void sym ## _03(__VA_ARGS__, VALUE(*)(VALUE, VALUE, VALUE, VALUE), int); \
      |                                                                                                             ^
/Users/lakhveersinghrajput/.rvm/rubies/ruby-3.2.0/include/ruby-3.2.0/ruby/internal/anyargs.h:249:38: note: expanded from macro '\
RBIMPL_ANYARGS_ATTRSET'
  249 | # define RBIMPL_ANYARGS_ATTRSET(sym) RBIMPL_ATTR_MAYBE_UNUSED() RBIMPL_ATTR_NONNULL(()) RBIMPL_ATTR_WEAKREF(sym)
      |                                      ^
/Users/lakhveersinghrajput/.rvm/rubies/ruby-3.2.0/include/ruby-3.2.0/ruby/internal/attr/maybe_unused.h:31:37: note: expanded from macro 'RBIMPL_ATTR_MAYBE_UNUSED'
   31 | # define RBIMPL_ATTR_MAYBE_UNUSED() [[maybe_unused]]
      |                                     ^
In file included from ed25519_ref10.c:1:
In file included from /Users/lakhveersinghrajput/.rvm/rubies/ruby-3.2.0/include/ruby-3.2.0/ruby.h:38:
In file included from /Users/lakhveersinghrajput/.rvm/rubies/ruby-3.2.0/include/ruby-3.2.0/ruby/ruby.h:27:
/Users/lakhveersinghrajput/.rvm/rubies/ruby-3.2.0/include/ruby-3.2.0/ruby/internal/anyargs.h:272:1: warning: [[]] attributes are a C2x extension [-Wc2x-extensions]
/Users/lakhveersinghrajput/.rvm/rubies/ruby-3.2.0/include/ruby-3.2.0/ruby/internal/anyargs.h:259:116: note: expanded from macro 'RBIMPL_ANYARGS_DECL'
  259 | RBIMPL_ANYARGS_ATTRSET(sym) static void sym ## _04(__VA_ARGS__, VALUE(*)(VALUE, VALUE, VALUE, VALUE, VALUE), int); \
      |                                                                                                                    ^
/Users/lakhveersinghrajput/.rvm/rubies/ruby-3.2.0/include/ruby-3.2.0/ruby/internal/anyargs.h:249:38: note: expanded from macro '\
RBIMPL_ANYARGS_ATTRSET'
  249 | # define RBIMPL_ANYARGS_ATTRSET(sym) RBIMPL_ATTR_MAYBE_UNUSED() RBIMPL_ATTR_NONNULL(()) RBIMPL_ATTR_WEAKREF(sym)
      |                                      ^
/Users/lakhveersinghrajput/.rvm/rubies/ruby-3.2.0/include/ruby-3.2.0/ruby/internal/attr/maybe_unused.h:31:37: note: expanded from macro 'RBIMPL_ATTR_MAYBE_UNUSED'
   31 | # define RBIMPL_ATTR_MAYBE_UNUSED() [[maybe_unused]]
      |                                     ^
In file included from ed25519_ref10.c:1:
In file included from /Users/lakhveersinghrajput/.rvm/rubies/ruby-3.2.0/include/ruby-3.2.0/ruby.h:38:
In file included from /Users/lakhveersinghrajput/.rvm/rubies/ruby-3.2.0/include/ruby-3.2.0/ruby/ruby.h:27:
/Users/lakhveersinghrajput/.rvm/rubies/ruby-3.2.0/include/ruby-3.2.0/ruby/internal/anyargs.h:272:1: warning: [[]] attributes are a C2x extension [-Wc2x-extensions]
/Users/lakhveersinghrajput/.rvm/rubies/ruby-3.2.0/include/ruby-3.2.0/ruby/internal/anyargs.h:260:123: note: expanded from macro 'RBIMPL_ANYARGS_DECL'
  260 | RBIMPL_ANYARGS_ATTRSET(sym) static void sym ## _05(__VA_ARGS__, VALUE(*)(VALUE, VALUE, VALUE, VALUE, VALUE, VALUE), int); \
      |                                                                                                                           ^
/Users/lakhveersinghrajput/.rvm/rubies/ruby-3.2.0/include/ruby-3.2.0/ruby/internal/anyargs.h:249:38: note: expanded from macro '\
RBIMPL_ANYARGS_ATTRSET'
  249 | # define RBIMPL_ANYARGS_ATTRSET(sym) RBIMPL_ATTR_MAYBE_UNUSED() RBIMPL_ATTR_NONNULL(()) RBIMPL_ATTR_WEAKREF(sym)
      |                                      ^
/Users/lakhveersinghrajput/.rvm/rubies/ruby-3.2.0/include/ruby-3.2.0/ruby/internal/attr/maybe_unused.h:31:37: note: expanded from macro 'RBIMPL_ATTR_MAYBE_UNUSED'
   31 | # define RBIMPL_ATTR_MAYBE_UNUSED() [[maybe_unused]]
      |                                     ^
In file included from ed25519_ref10.c:1:
In file included from /Users/lakhveersinghrajput/.rvm/rubies/ruby-3.2.0/include/ruby-3.2.0/ruby.h:38:
In file included from /Users/lakhveersinghrajput/.rvm/rubies/ruby-3.2.0/include/ruby-3.2.0/ruby/ruby.h:27:
/Users/lakhveersinghrajput/.rvm/rubies/ruby-3.2.0/include/ruby-3.2.0/ruby/internal/anyargs.h:272:1: warning: [[]] attributes are a C2x extension [-Wc2x-extensions]
/Users/lakhveersinghrajput/.rvm/rubies/ruby-3.2.0/include/ruby-3.2.0/ruby/internal/anyargs.h:261:130: note: expanded from macro 'RBIMPL_ANYARGS_DECL'
  261 | RBIMPL_ANYARGS_ATTRSET(sym) static void sym ## _06(__VA_ARGS__, VALUE(*)(VALUE, VALUE, VALUE, VALUE, VALUE, VALUE, VALUE), int); \
      |                                                                                                                                  ^
/Users/lakhveersinghrajput/.rvm/rubies/ruby-3.2.0/include/ruby-3.2.0/ruby/internal/anyargs.h:249:38: note: expanded from macro '\
RBIMPL_ANYARGS_ATTRSET'
  249 | # define RBIMPL_ANYARGS_ATTRSET(sym) RBIMPL_ATTR_MAYBE_UNUSED() RBIMPL_ATTR_NONNULL(()) RBIMPL_ATTR_WEAKREF(sym)
      |                                      ^
/Users/lakhveersinghrajput/.rvm/rubies/ruby-3.2.0/include/ruby-3.2.0/ruby/internal/attr/maybe_unused.h:31:37: note: expanded from macro 'RBIMPL_ATTR_MAYBE_UNUSED'
   31 | # define RBIMPL_ATTR_MAYBE_UNUSED() [[maybe_unused]]
      |                                     ^
In file included from ed25519_ref10.c:1:
In file included from /Users/lakhveersinghrajput/.rvm/rubies/ruby-3.2.0/include/ruby-3.2.0/ruby.h:38:
In file included from /Users/lakhveersinghrajput/.rvm/rubies/ruby-3.2.0/include/ruby-3.2.0/ruby/ruby.h:27:
/Users/lakhveersinghrajput/.rvm/rubies/ruby-3.2.0/include/ruby-3.2.0/ruby/internal/anyargs.h:272:1: warning: [[]] attributes are a C2x extension [-Wc2x-extensions]
/Users/lakhveersinghrajput/.rvm/rubies/ruby-3.2.0/include/ruby-3.2.0/ruby/internal/anyargs.h:262:137: note: expanded from macro 'RBIMPL_ANYARGS_DECL'
  262 | RBIMPL_ANYARGS_ATTRSET(sym) static void sym ## _07(__VA_ARGS__, VALUE(*)(VALUE, VALUE, VALUE, VALUE, VALUE, VALUE, VALUE, VALUE), int); \
      |                                                                                                                                         ^
/Users/lakhveersinghrajput/.rvm/rubies/ruby-3.2.0/include/ruby-3.2.0/ruby/internal/anyargs.h:249:38: note: expanded from macro '\
RBIMPL_ANYARGS_ATTRSET'
  249 | # define RBIMPL_ANYARGS_ATTRSET(sym) RBIMPL_ATTR_MAYBE_UNUSED() RBIMPL_ATTR_NONNULL(()) RBIMPL_ATTR_WEAKREF(sym)
      |                                      ^
/Users/lakhveersinghrajput/.rvm/rubies/ruby-3.2.0/include/ruby-3.2.0/ruby/internal/attr/maybe_unused.h:31:37: note: expanded from macro 'RBIMPL_ATTR_MAYBE_UNUSED'
   31 | # define RBIMPL_ATTR_MAYBE_UNUSED() [[maybe_unused]]
      |                                     ^
In file included from ed25519_ref10.c:1:
In file included from /Users/lakhveersinghrajput/.rvm/rubies/ruby-3.2.0/include/ruby-3.2.0/ruby.h:38:
In file included from /Users/lakhveersinghrajput/.rvm/rubies/ruby-3.2.0/include/ruby-3.2.0/ruby/ruby.h:27:
/Users/lakhveersinghrajput/.rvm/rubies/ruby-3.2.0/include/ruby-3.2.0/ruby/internal/anyargs.h:272:1: warning: [[]] attributes are a C2x extension [-Wc2x-extensions]
/Users/lakhveersinghrajput/.rvm/rubies/ruby-3.2.0/include/ruby-3.2.0/ruby/internal/anyargs.h:263:144: note: expanded from macro 'RBIMPL_ANYARGS_DECL'
  263 | RBIMPL_ANYARGS_ATTRSET(sym) static void sym ## _08(__VA_ARGS__, VALUE(*)(VALUE, VALUE, VALUE, VALUE, VALUE, VALUE, VALUE, VALUE, VALUE), int); \
      |                                                                                                                                                ^
/Users/lakhveersinghrajput/.rvm/rubies/ruby-3.2.0/include/ruby-3.2.0/ruby/internal/anyargs.h:249:38: note: expanded from macro '\
RBIMPL_ANYARGS_ATTRSET'
  249 | # define RBIMPL_ANYARGS_ATTRSET(sym) RBIMPL_ATTR_MAYBE_UNUSED() RBIMPL_ATTR_NONNULL(()) RBIMPL_ATTR_WEAKREF(sym)
      |                                      ^
/Users/lakhveersinghrajput/.rvm/rubies/ruby-3.2.0/include/ruby-3.2.0/ruby/internal/attr/maybe_unused.h:31:37: note: expanded from macro 'RBIMPL_ATTR_MAYBE_UNUSED'
   31 | # define RBIMPL_ATTR_MAYBE_UNUSED() [[maybe_unused]]
      |                                     ^
In file included from ed25519_ref10.c:1:
In file included from /Users/lakhveersinghrajput/.rvm/rubies/ruby-3.2.0/include/ruby-3.2.0/ruby.h:38:
In file included from /Users/lakhveersinghrajput/.rvm/rubies/ruby-3.2.0/include/ruby-3.2.0/ruby/ruby.h:27:
/Users/lakhveersinghrajput/.rvm/rubies/ruby-3.2.0/include/ruby-3.2.0/ruby/internal/anyargs.h:272:1: warning: [[]] attributes are a C2x extension [-Wc2x-extensions]
/Users/lakhveersinghrajput/.rvm/rubies/ruby-3.2.0/include/ruby-3.2.0/ruby/internal/anyargs.h:264:151: note: expanded from macro 'RBIMPL_ANYARGS_DECL'
  264 | RBIMPL_ANYARGS_ATTRSET(sym) static void sym ## _09(__VA_ARGS__, VALUE(*)(VALUE, VALUE, VALUE, VALUE, VALUE, VALUE, VALUE, VALUE, VALUE, VALUE), int); \
      |                                                                                                                                                       ^
/Users/lakhveersinghrajput/.rvm/rubies/ruby-3.2.0/include/ruby-3.2.0/ruby/internal/anyargs.h:249:38: note: expanded from macro '\
RBIMPL_ANYARGS_ATTRSET'
  249 | # define RBIMPL_ANYARGS_ATTRSET(sym) RBIMPL_ATTR_MAYBE_UNUSED() RBIMPL_ATTR_NONNULL(()) RBIMPL_ATTR_WEAKREF(sym)
      |                                      ^
/Users/lakhveersinghrajput/.rvm/rubies/ruby-3.2.0/include/ruby-3.2.0/ruby/internal/attr/maybe_unused.h:31:37: note: expanded from macro 'RBIMPL_ATTR_MAYBE_UNUSED'
   31 | # define RBIMPL_ATTR_MAYBE_UNUSED() [[maybe_unused]]
      |                                     ^
In file included from ed25519_ref10.c:1:
In file included from /Users/lakhveersinghrajput/.rvm/rubies/ruby-3.2.0/include/ruby-3.2.0/ruby.h:38:
In file included from /Users/lakhveersinghrajput/.rvm/rubies/ruby-3.2.0/include/ruby-3.2.0/ruby/ruby.h:27:
/Users/lakhveersinghrajput/.rvm/rubies/ruby-3.2.0/include/ruby-3.2.0/ruby/internal/anyargs.h:272:1: warning: [[]] attributes are a C2x extension [-Wc2x-extensions]
/Users/lakhveersinghrajput/.rvm/rubies/ruby-3.2.0/include/ruby-3.2.0/ruby/internal/anyargs.h:265:158: note: expanded from macro 'RBIMPL_ANYARGS_DECL'
  265 | RBIMPL_ANYARGS_ATTRSET(sym) static void sym ## _10(__VA_ARGS__, VALUE(*)(VALUE, VALUE, VALUE, VALUE, VALUE, VALUE, VALUE, VALUE, VALUE, VALUE, VALUE), int); \
      |                                                                                                                                                              ^
/Users/lakhveersinghrajput/.rvm/rubies/ruby-3.2.0/include/ruby-3.2.0/ruby/internal/anyargs.h:249:38: note: expanded from macro '\
RBIMPL_ANYARGS_ATTRSET'
  249 | # define RBIMPL_ANYARGS_ATTRSET(sym) RBIMPL_ATTR_MAYBE_UNUSED() RBIMPL_ATTR_NONNULL(()) RBIMPL_ATTR_WEAKREF(sym)
      |                                      ^
/Users/lakhveersinghrajput/.rvm/rubies/ruby-3.2.0/include/ruby-3.2.0/ruby/internal/attr/maybe_unused.h:31:37: note: expanded from macro 'RBIMPL_ATTR_MAYBE_UNUSED'
   31 | # define RBIMPL_ATTR_MAYBE_UNUSED() [[maybe_unused]]
      |                                     ^
In file included from ed25519_ref10.c:1:
In file included from /Users/lakhveersinghrajput/.rvm/rubies/ruby-3.2.0/include/ruby-3.2.0/ruby.h:38:
In file included from /Users/lakhveersinghrajput/.rvm/rubies/ruby-3.2.0/include/ruby-3.2.0/ruby/ruby.h:27:
/Users/lakhveersinghrajput/.rvm/rubies/ruby-3.2.0/include/ruby-3.2.0/ruby/internal/anyargs.h:272:1: warning: [[]] attributes are a C2x extension [-Wc2x-extensions]
/Users/lakhveersinghrajput/.rvm/rubies/ruby-3.2.0/include/ruby-3.2.0/ruby/internal/anyargs.h:266:165: note: expanded from macro 'RBIMPL_ANYARGS_DECL'
  266 | RBIMPL_ANYARGS_ATTRSET(sym) static void sym ## _11(__VA_ARGS__, VALUE(*)(VALUE, VALUE, VALUE, VALUE, VALUE, VALUE, VALUE, VALUE, VALUE, VALUE, VALUE, VALUE), int); \
      |                                                                                                                                                                     ^
/Users/lakhveersinghrajput/.rvm/rubies/ruby-3.2.0/include/ruby-3.2.0/ruby/internal/anyargs.h:249:38: note: expanded from macro '\
RBIMPL_ANYARGS_ATTRSET'
  249 | # define RBIMPL_ANYARGS_ATTRSET(sym) RBIMPL_ATTR_MAYBE_UNUSED() RBIMPL_ATTR_NONNULL(()) RBIMPL_ATTR_WEAKREF(sym)
      |                                      ^
/Users/lakhveersinghrajput/.rvm/rubies/ruby-3.2.0/include/ruby-3.2.0/ruby/internal/attr/maybe_unused.h:31:37: note: expanded from macro 'RBIMPL_ATTR_MAYBE_UNUSED'
   31 | # define RBIMPL_ATTR_MAYBE_UNUSED() [[maybe_unused]]
      |                                     ^
In file included from ed25519_ref10.c:1:
In file included from /Users/lakhveersinghrajput/.rvm/rubies/ruby-3.2.0/include/ruby-3.2.0/ruby.h:38:
In file included from /Users/lakhveersinghrajput/.rvm/rubies/ruby-3.2.0/include/ruby-3.2.0/ruby/ruby.h:27:
/Users/lakhveersinghrajput/.rvm/rubies/ruby-3.2.0/include/ruby-3.2.0/ruby/internal/anyargs.h:272:1: warning: [[]] attributes are a C2x extension [-Wc2x-extensions]
/Users/lakhveersinghrajput/.rvm/rubies/ruby-3.2.0/include/ruby-3.2.0/ruby/internal/anyargs.h:267:172: note: expanded from macro 'RBIMPL_ANYARGS_DECL'
  267 | RBIMPL_ANYARGS_ATTRSET(sym) static void sym ## _12(__VA_ARGS__, VALUE(*)(VALUE, VALUE, VALUE, VALUE, VALUE, VALUE, VALUE, VALUE, VALUE, VALUE, VALUE, VALUE, VALUE), int); \
      |                                                                                                                                                                            ^
/Users/lakhveersinghrajput/.rvm/rubies/ruby-3.2.0/include/ruby-3.2.0/ruby/internal/anyargs.h:249:38: note: expanded from macro '\
RBIMPL_ANYARGS_ATTRSET'
  249 | # define RBIMPL_ANYARGS_ATTRSET(sym) RBIMPL_ATTR_MAYBE_UNUSED() RBIMPL_ATTR_NONNULL(()) RBIMPL_ATTR_WEAKREF(sym)
      |                                      ^
/Users/lakhveersinghrajput/.rvm/rubies/ruby-3.2.0/include/ruby-3.2.0/ruby/internal/attr/maybe_unused.h:31:37: note: expanded from macro 'RBIMPL_ATTR_MAYBE_UNUSED'
   31 | # define RBIMPL_ATTR_MAYBE_UNUSED() [[maybe_unused]]
      |                                     ^
In file included from ed25519_ref10.c:1:
In file included from /Users/lakhveersinghrajput/.rvm/rubies/ruby-3.2.0/include/ruby-3.2.0/ruby.h:38:
In file included from /Users/lakhveersinghrajput/.rvm/rubies/ruby-3.2.0/include/ruby-3.2.0/ruby/ruby.h:27:
/Users/lakhveersinghrajput/.rvm/rubies/ruby-3.2.0/include/ruby-3.2.0/ruby/internal/anyargs.h:272:1: warning: [[]] attributes are a C2x extension [-Wc2x-extensions]
/Users/lakhveersinghrajput/.rvm/rubies/ruby-3.2.0/include/ruby-3.2.0/ruby/internal/anyargs.h:268:179: note: expanded from macro 'RBIMPL_ANYARGS_DECL'
  268 | RBIMPL_ANYARGS_ATTRSET(sym) static void sym ## _13(__VA_ARGS__, VALUE(*)(VALUE, VALUE, VALUE, VALUE, VALUE, VALUE, VALUE, VALUE, VALUE, VALUE, VALUE, VALUE, VALUE, VALUE), int); \
      |                                                                                                                                                                                   ^
/Users/lakhveersinghrajput/.rvm/rubies/ruby-3.2.0/include/ruby-3.2.0/ruby/internal/anyargs.h:249:38: note: expanded from macro '\
RBIMPL_ANYARGS_ATTRSET'
  249 | # define RBIMPL_ANYARGS_ATTRSET(sym) RBIMPL_ATTR_MAYBE_UNUSED() RBIMPL_ATTR_NONNULL(()) RBIMPL_ATTR_WEAKREF(sym)
      |                                      ^
/Users/lakhveersinghrajput/.rvm/rubies/ruby-3.2.0/include/ruby-3.2.0/ruby/internal/attr/maybe_unused.h:31:37: note: expanded from macro 'RBIMPL_ATTR_MAYBE_UNUSED'
   31 | # define RBIMPL_ATTR_MAYBE_UNUSED() [[maybe_unused]]
      |                                     ^
In file included from ed25519_ref10.c:1:
In file included from /Users/lakhveersinghrajput/.rvm/rubies/ruby-3.2.0/include/ruby-3.2.0/ruby.h:38:
In file included from /Users/lakhveersinghrajput/.rvm/rubies/ruby-3.2.0/include/ruby-3.2.0/ruby/ruby.h:27:
/Users/lakhveersinghrajput/.rvm/rubies/ruby-3.2.0/include/ruby-3.2.0/ruby/internal/anyargs.h:272:1: warning: [[]] attributes are a C2x extension [-Wc2x-extensions]
/Users/lakhveersinghrajput/.rvm/rubies/ruby-3.2.0/include/ruby-3.2.0/ruby/internal/anyargs.h:269:186: note: expanded from macro 'RBIMPL_ANYARGS_DECL'
  269 | RBIMPL_ANYARGS_ATTRSET(sym) static void sym ## _14(__VA_ARGS__, VALUE(*)(VALUE, VALUE, VALUE, VALUE, VALUE, VALUE, VALUE, VALUE, VALUE, VALUE, VALUE, VALUE, VALUE, VALUE, VALUE), int); \
      |                                                                                                                                                                                          ^
/Users/lakhveersinghrajput/.rvm/rubies/ruby-3.2.0/include/ruby-3.2.0/ruby/internal/anyargs.h:249:38: note: expanded from macro '\
RBIMPL_ANYARGS_ATTRSET'
  249 | # define RBIMPL_ANYARGS_ATTRSET(sym) RBIMPL_ATTR_MAYBE_UNUSED() RBIMPL_ATTR_NONNULL(()) RBIMPL_ATTR_WEAKREF(sym)
      |                                      ^
/Users/lakhveersinghrajput/.rvm/rubies/ruby-3.2.0/include/ruby-3.2.0/ruby/internal/attr/maybe_unused.h:31:37: note: expanded from macro 'RBIMPL_ATTR_MAYBE_UNUSED'
   31 | # define RBIMPL_ATTR_MAYBE_UNUSED() [[maybe_unused]]
      |                                     ^
In file included from ed25519_ref10.c:1:
In file included from /Users/lakhveersinghrajput/.rvm/rubies/ruby-3.2.0/include/ruby-3.2.0/ruby.h:38:
In file included from /Users/lakhveersinghrajput/.rvm/rubies/ruby-3.2.0/include/ruby-3.2.0/ruby/ruby.h:27:
/Users/lakhveersinghrajput/.rvm/rubies/ruby-3.2.0/include/ruby-3.2.0/ruby/internal/anyargs.h:273:1: warning: [[]] attributes are a C2x extension [-Wc2x-extensions]
  273 | RBIMPL_ANYARGS_DECL(rb_define_private_method, VALUE, const char *)
      | ^
/Users/lakhveersinghrajput/.rvm/rubies/ruby-3.2.0/include/ruby-3.2.0/ruby/internal/anyargs.h:250:40: note: expanded from macro 'RBIMPL_ANYARGS_DECL'
  250 | # define RBIMPL_ANYARGS_DECL(sym, ...) \
      |                                        ^
/Users/lakhveersinghrajput/.rvm/rubies/ruby-3.2.0/include/ruby-3.2.0/ruby/internal/anyargs.h:249:38: note: expanded from macro '\
RBIMPL_ANYARGS_ATTRSET'
  249 | # define RBIMPL_ANYARGS_ATTRSET(sym) RBIMPL_ATTR_MAYBE_UNUSED() RBIMPL_ATTR_NONNULL(()) RBIMPL_ATTR_WEAKREF(sym)
      |                                      ^
/Users/lakhveersinghrajput/.rvm/rubies/ruby-3.2.0/include/ruby-3.2.0/ruby/internal/attr/maybe_unused.h:31:37: note: expanded from macro 'RBIMPL_ATTR_MAYBE_UNUSED'
   31 | # define RBIMPL_ATTR_MAYBE_UNUSED() [[maybe_unused]]
      |                                     ^
In file included from ed25519_ref10.c:1:
In file included from /Users/lakhveersinghrajput/.rvm/rubies/ruby-3.2.0/include/ruby-3.2.0/ruby.h:38:
In file included from /Users/lakhveersinghrajput/.rvm/rubies/ruby-3.2.0/include/ruby-3.2.0/ruby/ruby.h:27:
/Users/lakhveersinghrajput/.rvm/rubies/ruby-3.2.0/include/ruby-3.2.0/ruby/internal/anyargs.h:273:1: warning: [[]] attributes are a C2x extension [-Wc2x-extensions]
/Users/lakhveersinghrajput/.rvm/rubies/ruby-3.2.0/include/ruby-3.2.0/ruby/internal/anyargs.h:251:120: note: expanded from macro 'RBIMPL_ANYARGS_DECL'
  251 | RBIMPL_ANYARGS_ATTRSET(sym) static void sym ## _notimpl(__VA_ARGS__, VALUE(*)(int, const VALUE *, VALUE, VALUE), int); \
      |                                                                                                                        ^
/Users/lakhveersinghrajput/.rvm/rubies/ruby-3.2.0/include/ruby-3.2.0/ruby/internal/anyargs.h:249:38: note: expanded from macro '\
RBIMPL_ANYARGS_ATTRSET'
  249 | # define RBIMPL_ANYARGS_ATTRSET(sym) RBIMPL_ATTR_MAYBE_UNUSED() RBIMPL_ATTR_NONNULL(()) RBIMPL_ATTR_WEAKREF(sym)
      |                                      ^
/Users/lakhveersinghrajput/.rvm/rubies/ruby-3.2.0/include/ruby-3.2.0/ruby/internal/attr/maybe_unused.h:31:37: note: expanded from macro 'RBIMPL_ATTR_MAYBE_UNUSED'
   31 | # define RBIMPL_ATTR_MAYBE_UNUSED() [[maybe_unused]]
      |                                     ^
In file included from ed25519_ref10.c:1:
In file included from /Users/lakhveersinghrajput/.rvm/rubies/ruby-3.2.0/include/ruby-3.2.0/ruby.h:38:
In file included from /Users/lakhveersinghrajput/.rvm/rubies/ruby-3.2.0/include/ruby-3.2.0/ruby/ruby.h:27:
/Users/lakhveersinghrajput/.rvm/rubies/ruby-3.2.0/include/ruby-3.2.0/ruby/internal/anyargs.h:273:1: warning: a function declaration without a prototype is deprecated in all versions of C [-Wstrict-prototypes]
/Users/lakhveersinghrajput/.rvm/rubies/ruby-3.2.0/include/ruby-3.2.0/ruby/internal/anyargs.h:252:73: note: expanded from macro 'RBIMPL_ANYARGS_DECL'
  252 | RBIMPL_ANYARGS_ATTRSET(sym) static void sym ## _m3(__VA_ARGS__, VALUE(*)(ANYARGS), int); \
      |                                                                         ^
/Users/lakhveersinghrajput/.rvm/rubies/ruby-3.2.0/include/ruby-3.2.0/ruby/internal/anyargs.h:273:1: warning: [[]] attributes are a C2x extension [-Wc2x-extensions]
/Users/lakhveersinghrajput/.rvm/rubies/ruby-3.2.0/include/ruby-3.2.0/ruby/internal/anyargs.h:252:90: note: expanded from macro 'RBIMPL_ANYARGS_DECL'
  252 | RBIMPL_ANYARGS_ATTRSET(sym) static void sym ## _m3(__VA_ARGS__, VALUE(*)(ANYARGS), int); \
      |                                                                                          ^
/Users/lakhveersinghrajput/.rvm/rubies/ruby-3.2.0/include/ruby-3.2.0/ruby/internal/anyargs.h:249:38: note: expanded from macro '\
RBIMPL_ANYARGS_ATTRSET'
  249 | # define RBIMPL_ANYARGS_ATTRSET(sym) RBIMPL_ATTR_MAYBE_UNUSED() RBIMPL_ATTR_NONNULL(()) RBIMPL_ATTR_WEAKREF(sym)
      |                                      ^
/Users/lakhveersinghrajput/.rvm/rubies/ruby-3.2.0/include/ruby-3.2.0/ruby/internal/attr/maybe_unused.h:31:37: note: expanded from macro 'RBIMPL_ATTR_MAYBE_UNUSED'
   31 | # define RBIMPL_ATTR_MAYBE_UNUSED() [[maybe_unused]]
      |                                     ^
In file included from ed25519_ref10.c:1:
In file included from /Users/lakhveersinghrajput/.rvm/rubies/ruby-3.2.0/include/ruby-3.2.0/ruby.h:38:
In file included from /Users/lakhveersinghrajput/.rvm/rubies/ruby-3.2.0/include/ruby-3.2.0/ruby/ruby.h:27:
/Users/lakhveersinghrajput/.rvm/rubies/ruby-3.2.0/include/ruby-3.2.0/ruby/internal/anyargs.h:273:1: warning: [[]] attributes are a C2x extension [-Wc2x-extensions]
/Users/lakhveersinghrajput/.rvm/rubies/ruby-3.2.0/include/ruby-3.2.0/ruby/internal/anyargs.h:253:95: note: expanded from macro 'RBIMPL_ANYARGS_DECL'
  253 | RBIMPL_ANYARGS_ATTRSET(sym) static void sym ## _m2(__VA_ARGS__, VALUE(*)(VALUE, VALUE), int); \
      |                                                                                               ^
/Users/lakhveersinghrajput/.rvm/rubies/ruby-3.2.0/include/ruby-3.2.0/ruby/internal/anyargs.h:249:38: note: expanded from macro '\
RBIMPL_ANYARGS_ATTRSET'
  249 | # define RBIMPL_ANYARGS_ATTRSET(sym) RBIMPL_ATTR_MAYBE_UNUSED() RBIMPL_ATTR_NONNULL(()) RBIMPL_ATTR_WEAKREF(sym)
      |                                      ^
/Users/lakhveersinghrajput/.rvm/rubies/ruby-3.2.0/include/ruby-3.2.0/ruby/internal/attr/maybe_unused.h:31:37: note: expanded from macro 'RBIMPL_ATTR_MAYBE_UNUSED'
   31 | # define RBIMPL_ATTR_MAYBE_UNUSED() [[maybe_unused]]
      |                                     ^
In file included from ed25519_ref10.c:1:
In file included from /Users/lakhveersinghrajput/.rvm/rubies/ruby-3.2.0/include/ruby-3.2.0/ruby.h:38:
In file included from /Users/lakhveersinghrajput/.rvm/rubies/ruby-3.2.0/include/ruby-3.2.0/ruby/ruby.h:27:
/Users/lakhveersinghrajput/.rvm/rubies/ruby-3.2.0/include/ruby-3.2.0/ruby/internal/anyargs.h:273:1: warning: [[]] attributes are a C2x extension [-Wc2x-extensions]
/Users/lakhveersinghrajput/.rvm/rubies/ruby-3.2.0/include/ruby-3.2.0/ruby/internal/anyargs.h:254:169: note: expanded from macro 'RBIMPL_ANYARGS_DECL'
  254 | RBIMPL_ANYARGS_ATTRSET(sym) static void sym ## _m1(__VA_ARGS__, VALUE(*)(int, union { VALUE *x; const VALUE *y; } __attribute__((__transparent_union__)), VALUE), int); \
      |                                                                                                                                                                         ^
/Users/lakhveersinghrajput/.rvm/rubies/ruby-3.2.0/include/ruby-3.2.0/ruby/internal/anyargs.h:249:38: note: expanded from macro '\
RBIMPL_ANYARGS_ATTRSET'
  249 | # define RBIMPL_ANYARGS_ATTRSET(sym) RBIMPL_ATTR_MAYBE_UNUSED() RBIMPL_ATTR_NONNULL(()) RBIMPL_ATTR_WEAKREF(sym)
      |                                      ^
/Users/lakhveersinghrajput/.rvm/rubies/ruby-3.2.0/include/ruby-3.2.0/ruby/internal/attr/maybe_unused.h:31:37: note: expanded from macro 'RBIMPL_ATTR_MAYBE_UNUSED'
   31 | # define RBIMPL_ATTR_MAYBE_UNUSED() [[maybe_unused]]
      |                                     ^
In file included from ed25519_ref10.c:1:
In file included from /Users/lakhveersinghrajput/.rvm/rubies/ruby-3.2.0/include/ruby-3.2.0/ruby.h:38:
In file included from /Users/lakhveersinghrajput/.rvm/rubies/ruby-3.2.0/include/ruby-3.2.0/ruby/ruby.h:27:
/Users/lakhveersinghrajput/.rvm/rubies/ruby-3.2.0/include/ruby-3.2.0/ruby/internal/anyargs.h:273:1: warning: [[]] attributes are a C2x extension [-Wc2x-extensions]
/Users/lakhveersinghrajput/.rvm/rubies/ruby-3.2.0/include/ruby-3.2.0/ruby/internal/anyargs.h:255:88: note: expanded from macro 'RBIMPL_ANYARGS_DECL'
  255 | RBIMPL_ANYARGS_ATTRSET(sym) static void sym ## _00(__VA_ARGS__, VALUE(*)(VALUE), int); \
      |                                                                                        ^
/Users/lakhveersinghrajput/.rvm/rubies/ruby-3.2.0/include/ruby-3.2.0/ruby/internal/anyargs.h:249:38: note: expanded from macro '\
RBIMPL_ANYARGS_ATTRSET'
  249 | # define RBIMPL_ANYARGS_ATTRSET(sym) RBIMPL_ATTR_MAYBE_UNUSED() RBIMPL_ATTR_NONNULL(()) RBIMPL_ATTR_WEAKREF(sym)
      |                                      ^
/Users/lakhveersinghrajput/.rvm/rubies/ruby-3.2.0/include/ruby-3.2.0/ruby/internal/attr/maybe_unused.h:31:37: note: expanded from macro 'RBIMPL_ATTR_MAYBE_UNUSED'
   31 | # define RBIMPL_ATTR_MAYBE_UNUSED() [[maybe_unused]]
      |                                     ^
In file included from ed25519_ref10.c:1:
In file included from /Users/lakhveersinghrajput/.rvm/rubies/ruby-3.2.0/include/ruby-3.2.0/ruby.h:38:
In file included from /Users/lakhveersinghrajput/.rvm/rubies/ruby-3.2.0/include/ruby-3.2.0/ruby/ruby.h:27:
/Users/lakhveersinghrajput/.rvm/rubies/ruby-3.2.0/include/ruby-3.2.0/ruby/internal/anyargs.h:273:1: warning: [[]] attributes are a C2x extension [-Wc2x-extensions]
/Users/lakhveersinghrajput/.rvm/rubies/ruby-3.2.0/include/ruby-3.2.0/ruby/internal/anyargs.h:256:95: note: expanded from macro 'RBIMPL_ANYARGS_DECL'
  256 | RBIMPL_ANYARGS_ATTRSET(sym) static void sym ## _01(__VA_ARGS__, VALUE(*)(VALUE, VALUE), int); \
      |                                                                                               ^
/Users/lakhveersinghrajput/.rvm/rubies/ruby-3.2.0/include/ruby-3.2.0/ruby/internal/anyargs.h:249:38: note: expanded from macro '\
RBIMPL_ANYARGS_ATTRSET'
  249 | # define RBIMPL_ANYARGS_ATTRSET(sym) RBIMPL_ATTR_MAYBE_UNUSED() RBIMPL_ATTR_NONNULL(()) RBIMPL_ATTR_WEAKREF(sym)
      |                                      ^
/Users/lakhveersinghrajput/.rvm/rubies/ruby-3.2.0/include/ruby-3.2.0/ruby/internal/attr/maybe_unused.h:31:37: note: expanded from macro 'RBIMPL_ATTR_MAYBE_UNUSED'
   31 | # define RBIMPL_ATTR_MAYBE_UNUSED() [[maybe_unused]]
      |                                     ^
In file included from ed25519_ref10.c:1:
In file included from /Users/lakhveersinghrajput/.rvm/rubies/ruby-3.2.0/include/ruby-3.2.0/ruby.h:38:
In file included from /Users/lakhveersinghrajput/.rvm/rubies/ruby-3.2.0/include/ruby-3.2.0/ruby/ruby.h:27:
/Users/lakhveersinghrajput/.rvm/rubies/ruby-3.2.0/include/ruby-3.2.0/ruby/internal/anyargs.h:273:1: warning: [[]] attributes are a C2x extension [-Wc2x-extensions]
/Users/lakhveersinghrajput/.rvm/rubies/ruby-3.2.0/include/ruby-3.2.0/ruby/internal/anyargs.h:257:102: note: expanded from macro 'RBIMPL_ANYARGS_DECL'
  257 | RBIMPL_ANYARGS_ATTRSET(sym) static void sym ## _02(__VA_ARGS__, VALUE(*)(VALUE, VALUE, VALUE), int); \
      |                                                                                                      ^
/Users/lakhveersinghrajput/.rvm/rubies/ruby-3.2.0/include/ruby-3.2.0/ruby/internal/anyargs.h:249:38: note: expanded from macro '\
RBIMPL_ANYARGS_ATTRSET'
  249 | # define RBIMPL_ANYARGS_ATTRSET(sym) RBIMPL_ATTR_MAYBE_UNUSED() RBIMPL_ATTR_NONNULL(()) RBIMPL_ATTR_WEAKREF(sym)
      |                                      ^
/Users/lakhveersinghrajput/.rvm/rubies/ruby-3.2.0/include/ruby-3.2.0/ruby/internal/attr/maybe_unused.h:31:37: note: expanded from macro 'RBIMPL_ATTR_MAYBE_UNUSED'
   31 | # define RBIMPL_ATTR_MAYBE_UNUSED() [[maybe_unused]]
      |                                     ^
In file included from ed25519_ref10.c:1:
In file included from /Users/lakhveersinghrajput/.rvm/rubies/ruby-3.2.0/include/ruby-3.2.0/ruby.h:38:
In file included from /Users/lakhveersinghrajput/.rvm/rubies/ruby-3.2.0/include/ruby-3.2.0/ruby/ruby.h:27:
/Users/lakhveersinghrajput/.rvm/rubies/ruby-3.2.0/include/ruby-3.2.0/ruby/internal/anyargs.h:273:1: warning: [[]] attributes are a C2x extension [-Wc2x-extensions]
/Users/lakhveersinghrajput/.rvm/rubies/ruby-3.2.0/include/ruby-3.2.0/ruby/internal/anyargs.h:258:109: note: expanded from macro 'RBIMPL_ANYARGS_DECL'
  258 | RBIMPL_ANYARGS_ATTRSET(sym) static void sym ## _03(__VA_ARGS__, VALUE(*)(VALUE, VALUE, VALUE, VALUE), int); \
      |                                                                                                             ^
/Users/lakhveersinghrajput/.rvm/rubies/ruby-3.2.0/include/ruby-3.2.0/ruby/internal/anyargs.h:249:38: note: expanded from macro '\
RBIMPL_ANYARGS_ATTRSET'
  249 | # define RBIMPL_ANYARGS_ATTRSET(sym) RBIMPL_ATTR_MAYBE_UNUSED() RBIMPL_ATTR_NONNULL(()) RBIMPL_ATTR_WEAKREF(sym)
      |                                      ^
/Users/lakhveersinghrajput/.rvm/rubies/ruby-3.2.0/include/ruby-3.2.0/ruby/internal/attr/maybe_unused.h:31:37: note: expanded from macro 'RBIMPL_ATTR_MAYBE_UNUSED'
   31 | # define RBIMPL_ATTR_MAYBE_UNUSED() [[maybe_unused]]
      |                                     ^
In file included from ed25519_ref10.c:1:
In file included from /Users/lakhveersinghrajput/.rvm/rubies/ruby-3.2.0/include/ruby-3.2.0/ruby.h:38:
In file included from /Users/lakhveersinghrajput/.rvm/rubies/ruby-3.2.0/include/ruby-3.2.0/ruby/ruby.h:27:
/Users/lakhveersinghrajput/.rvm/rubies/ruby-3.2.0/include/ruby-3.2.0/ruby/internal/anyargs.h:273:1: warning: [[]] attributes are a C2x extension [-Wc2x-extensions]
/Users/lakhveersinghrajput/.rvm/rubies/ruby-3.2.0/include/ruby-3.2.0/ruby/internal/anyargs.h:259:116: note: expanded from macro 'RBIMPL_ANYARGS_DECL'
  259 | RBIMPL_ANYARGS_ATTRSET(sym) static void sym ## _04(__VA_ARGS__, VALUE(*)(VALUE, VALUE, VALUE, VALUE, VALUE), int); \
      |                                                                                                                    ^
/Users/lakhveersinghrajput/.rvm/rubies/ruby-3.2.0/include/ruby-3.2.0/ruby/internal/anyargs.h:249:38: note: expanded from macro '\
RBIMPL_ANYARGS_ATTRSET'
  249 | # define RBIMPL_ANYARGS_ATTRSET(sym) RBIMPL_ATTR_MAYBE_UNUSED() RBIMPL_ATTR_NONNULL(()) RBIMPL_ATTR_WEAKREF(sym)
      |                                      ^
/Users/lakhveersinghrajput/.rvm/rubies/ruby-3.2.0/include/ruby-3.2.0/ruby/internal/attr/maybe_unused.h:31:37: note: expanded from macro 'RBIMPL_ATTR_MAYBE_UNUSED'
   31 | # define RBIMPL_ATTR_MAYBE_UNUSED() [[maybe_unused]]
      |                                     ^
In file included from ed25519_ref10.c:1:
In file included from /Users/lakhveersinghrajput/.rvm/rubies/ruby-3.2.0/include/ruby-3.2.0/ruby.h:38:
In file included from /Users/lakhveersinghrajput/.rvm/rubies/ruby-3.2.0/include/ruby-3.2.0/ruby/ruby.h:27:
/Users/lakhveersinghrajput/.rvm/rubies/ruby-3.2.0/include/ruby-3.2.0/ruby/internal/anyargs.h:273:1: warning: [[]] attributes are a C2x extension [-Wc2x-extensions]
/Users/lakhveersinghrajput/.rvm/rubies/ruby-3.2.0/include/ruby-3.2.0/ruby/internal/anyargs.h:260:123: note: expanded from macro 'RBIMPL_ANYARGS_DECL'
  260 | RBIMPL_ANYARGS_ATTRSET(sym) static void sym ## _05(__VA_ARGS__, VALUE(*)(VALUE, VALUE, VALUE, VALUE, VALUE, VALUE), int); \
      |                                                                                                                           ^
/Users/lakhveersinghrajput/.rvm/rubies/ruby-3.2.0/include/ruby-3.2.0/ruby/internal/anyargs.h:249:38: note: expanded from macro '\
RBIMPL_ANYARGS_ATTRSET'
  249 | # define RBIMPL_ANYARGS_ATTRSET(sym) RBIMPL_ATTR_MAYBE_UNUSED() RBIMPL_ATTR_NONNULL(()) RBIMPL_ATTR_WEAKREF(sym)
      |                                      ^
/Users/lakhveersinghrajput/.rvm/rubies/ruby-3.2.0/include/ruby-3.2.0/ruby/internal/attr/maybe_unused.h:31:37: note: expanded from macro 'RBIMPL_ATTR_MAYBE_UNUSED'
   31 | # define RBIMPL_ATTR_MAYBE_UNUSED() [[maybe_unused]]
      |                                     ^
In file included from ed25519_ref10.c:1:
In file included from /Users/lakhveersinghrajput/.rvm/rubies/ruby-3.2.0/include/ruby-3.2.0/ruby.h:38:
In file included from /Users/lakhveersinghrajput/.rvm/rubies/ruby-3.2.0/include/ruby-3.2.0/ruby/ruby.h:27:
/Users/lakhveersinghrajput/.rvm/rubies/ruby-3.2.0/include/ruby-3.2.0/ruby/internal/anyargs.h:273:1: warning: [[]] attributes are a C2x extension [-Wc2x-extensions]
/Users/lakhveersinghrajput/.rvm/rubies/ruby-3.2.0/include/ruby-3.2.0/ruby/internal/anyargs.h:261:130: note: expanded from macro 'RBIMPL_ANYARGS_DECL'
  261 | RBIMPL_ANYARGS_ATTRSET(sym) static void sym ## _06(__VA_ARGS__, VALUE(*)(VALUE, VALUE, VALUE, VALUE, VALUE, VALUE, VALUE), int); \
      |                                                                                                                                  ^
/Users/lakhveersinghrajput/.rvm/rubies/ruby-3.2.0/include/ruby-3.2.0/ruby/internal/anyargs.h:249:38: note: expanded from macro '\
RBIMPL_ANYARGS_ATTRSET'
  249 | # define RBIMPL_ANYARGS_ATTRSET(sym) RBIMPL_ATTR_MAYBE_UNUSED() RBIMPL_ATTR_NONNULL(()) RBIMPL_ATTR_WEAKREF(sym)
      |                                      ^
/Users/lakhveersinghrajput/.rvm/rubies/ruby-3.2.0/include/ruby-3.2.0/ruby/internal/attr/maybe_unused.h:31:37: note: expanded from macro 'RBIMPL_ATTR_MAYBE_UNUSED'
   31 | # define RBIMPL_ATTR_MAYBE_UNUSED() [[maybe_unused]]
      |                                     ^
In file included from ed25519_ref10.c:1:
In file included from /Users/lakhveersinghrajput/.rvm/rubies/ruby-3.2.0/include/ruby-3.2.0/ruby.h:38:
In file included from /Users/lakhveersinghrajput/.rvm/rubies/ruby-3.2.0/include/ruby-3.2.0/ruby/ruby.h:27:
/Users/lakhveersinghrajput/.rvm/rubies/ruby-3.2.0/include/ruby-3.2.0/ruby/internal/anyargs.h:273:1: warning: [[]] attributes are a C2x extension [-Wc2x-extensions]
/Users/lakhveersinghrajput/.rvm/rubies/ruby-3.2.0/include/ruby-3.2.0/ruby/internal/anyargs.h:262:137: note: expanded from macro 'RBIMPL_ANYARGS_DECL'
  262 | RBIMPL_ANYARGS_ATTRSET(sym) static void sym ## _07(__VA_ARGS__, VALUE(*)(VALUE, VALUE, VALUE, VALUE, VALUE, VALUE, VALUE, VALUE), int); \
      |                                                                                                                                         ^
/Users/lakhveersinghrajput/.rvm/rubies/ruby-3.2.0/include/ruby-3.2.0/ruby/internal/anyargs.h:249:38: note: expanded from macro '\
RBIMPL_ANYARGS_ATTRSET'
  249 | # define RBIMPL_ANYARGS_ATTRSET(sym) RBIMPL_ATTR_MAYBE_UNUSED() RBIMPL_ATTR_NONNULL(()) RBIMPL_ATTR_WEAKREF(sym)
      |                                      ^
/Users/lakhveersinghrajput/.rvm/rubies/ruby-3.2.0/include/ruby-3.2.0/ruby/internal/attr/maybe_unused.h:31:37: note: expanded from macro 'RBIMPL_ATTR_MAYBE_UNUSED'
   31 | # define RBIMPL_ATTR_MAYBE_UNUSED() [[maybe_unused]]
      |                                     ^
In file included from ed25519_ref10.c:1:
In file included from /Users/lakhveersinghrajput/.rvm/rubies/ruby-3.2.0/include/ruby-3.2.0/ruby.h:38:
In file included from /Users/lakhveersinghrajput/.rvm/rubies/ruby-3.2.0/include/ruby-3.2.0/ruby/ruby.h:27:
/Users/lakhveersinghrajput/.rvm/rubies/ruby-3.2.0/include/ruby-3.2.0/ruby/internal/anyargs.h:273:1: warning: [[]] attributes are a C2x extension [-Wc2x-extensions]
/Users/lakhveersinghrajput/.rvm/rubies/ruby-3.2.0/include/ruby-3.2.0/ruby/internal/anyargs.h:263:144: note: expanded from macro 'RBIMPL_ANYARGS_DECL'
  263 | RBIMPL_ANYARGS_ATTRSET(sym) static void sym ## _08(__VA_ARGS__, VALUE(*)(VALUE, VALUE, VALUE, VALUE, VALUE, VALUE, VALUE, VALUE, VALUE), int); \
      |                                                                                                                                                ^
/Users/lakhveersinghrajput/.rvm/rubies/ruby-3.2.0/include/ruby-3.2.0/ruby/internal/anyargs.h:249:38: note: expanded from macro '\
RBIMPL_ANYARGS_ATTRSET'
  249 | # define RBIMPL_ANYARGS_ATTRSET(sym) RBIMPL_ATTR_MAYBE_UNUSED() RBIMPL_ATTR_NONNULL(()) RBIMPL_ATTR_WEAKREF(sym)
      |                                      ^
/Users/lakhveersinghrajput/.rvm/rubies/ruby-3.2.0/include/ruby-3.2.0/ruby/internal/attr/maybe_unused.h:31:37: note: expanded from macro 'RBIMPL_ATTR_MAYBE_UNUSED'
   31 | # define RBIMPL_ATTR_MAYBE_UNUSED() [[maybe_unused]]
      |                                     ^
In file included from ed25519_ref10.c:1:
In file included from /Users/lakhveersinghrajput/.rvm/rubies/ruby-3.2.0/include/ruby-3.2.0/ruby.h:38:
In file included from /Users/lakhveersinghrajput/.rvm/rubies/ruby-3.2.0/include/ruby-3.2.0/ruby/ruby.h:27:
/Users/lakhveersinghrajput/.rvm/rubies/ruby-3.2.0/include/ruby-3.2.0/ruby/internal/anyargs.h:273:1: warning: [[]] attributes are a C2x extension [-Wc2x-extensions]
/Users/lakhveersinghrajput/.rvm/rubies/ruby-3.2.0/include/ruby-3.2.0/ruby/internal/anyargs.h:264:151: note: expanded from macro 'RBIMPL_ANYARGS_DECL'
  264 | RBIMPL_ANYARGS_ATTRSET(sym) static void sym ## _09(__VA_ARGS__, VALUE(*)(VALUE, VALUE, VALUE, VALUE, VALUE, VALUE, VALUE, VALUE, VALUE, VALUE), int); \
      |                                                                                                                                                       ^
/Users/lakhveersinghrajput/.rvm/rubies/ruby-3.2.0/include/ruby-3.2.0/ruby/internal/anyargs.h:249:38: note: expanded from macro '\
RBIMPL_ANYARGS_ATTRSET'
  249 | # define RBIMPL_ANYARGS_ATTRSET(sym) RBIMPL_ATTR_MAYBE_UNUSED() RBIMPL_ATTR_NONNULL(()) RBIMPL_ATTR_WEAKREF(sym)
      |                                      ^
/Users/lakhveersinghrajput/.rvm/rubies/ruby-3.2.0/include/ruby-3.2.0/ruby/internal/attr/maybe_unused.h:31:37: note: expanded from macro 'RBIMPL_ATTR_MAYBE_UNUSED'
   31 | # define RBIMPL_ATTR_MAYBE_UNUSED() [[maybe_unused]]
      |                                     ^
In file included from ed25519_ref10.c:1:
In file included from /Users/lakhveersinghrajput/.rvm/rubies/ruby-3.2.0/include/ruby-3.2.0/ruby.h:38:
In file included from /Users/lakhveersinghrajput/.rvm/rubies/ruby-3.2.0/include/ruby-3.2.0/ruby/ruby.h:27:
/Users/lakhveersinghrajput/.rvm/rubies/ruby-3.2.0/include/ruby-3.2.0/ruby/internal/anyargs.h:273:1: warning: [[]] attributes are a C2x extension [-Wc2x-extensions]
/Users/lakhveersinghrajput/.rvm/rubies/ruby-3.2.0/include/ruby-3.2.0/ruby/internal/anyargs.h:265:158: note: expanded from macro 'RBIMPL_ANYARGS_DECL'
  265 | RBIMPL_ANYARGS_ATTRSET(sym) static void sym ## _10(__VA_ARGS__, VALUE(*)(VALUE, VALUE, VALUE, VALUE, VALUE, VALUE, VALUE, VALUE, VALUE, VALUE, VALUE), int); \
      |                                                                                                                                                              ^
/Users/lakhveersinghrajput/.rvm/rubies/ruby-3.2.0/include/ruby-3.2.0/ruby/internal/anyargs.h:249:38: note: expanded from macro '\
RBIMPL_ANYARGS_ATTRSET'
  249 | # define RBIMPL_ANYARGS_ATTRSET(sym) RBIMPL_ATTR_MAYBE_UNUSED() RBIMPL_ATTR_NONNULL(()) RBIMPL_ATTR_WEAKREF(sym)
      |                                      ^
/Users/lakhveersinghrajput/.rvm/rubies/ruby-3.2.0/include/ruby-3.2.0/ruby/internal/attr/maybe_unused.h:31:37: note: expanded from macro 'RBIMPL_ATTR_MAYBE_UNUSED'
   31 | # define RBIMPL_ATTR_MAYBE_UNUSED() [[maybe_unused]]
      |                                     ^
In file included from ed25519_ref10.c:1:
In file included from /Users/lakhveersinghrajput/.rvm/rubies/ruby-3.2.0/include/ruby-3.2.0/ruby.h:38:
In file included from /Users/lakhveersinghrajput/.rvm/rubies/ruby-3.2.0/include/ruby-3.2.0/ruby/ruby.h:27:
/Users/lakhveersinghrajput/.rvm/rubies/ruby-3.2.0/include/ruby-3.2.0/ruby/internal/anyargs.h:273:1: warning: [[]] attributes are a C2x extension [-Wc2x-extensions]
/Users/lakhveersinghrajput/.rvm/rubies/ruby-3.2.0/include/ruby-3.2.0/ruby/internal/anyargs.h:266:165: note: expanded from macro 'RBIMPL_ANYARGS_DECL'
  266 | RBIMPL_ANYARGS_ATTRSET(sym) static void sym ## _11(__VA_ARGS__, VALUE(*)(VALUE, VALUE, VALUE, VALUE, VALUE, VALUE, VALUE, VALUE, VALUE, VALUE, VALUE, VALUE), int); \
      |                                                                                                                                                                     ^
/Users/lakhveersinghrajput/.rvm/rubies/ruby-3.2.0/include/ruby-3.2.0/ruby/internal/anyargs.h:249:38: note: expanded from macro '\
RBIMPL_ANYARGS_ATTRSET'
  249 | # define RBIMPL_ANYARGS_ATTRSET(sym) RBIMPL_ATTR_MAYBE_UNUSED() RBIMPL_ATTR_NONNULL(()) RBIMPL_ATTR_WEAKREF(sym)
      |                                      ^
/Users/lakhveersinghrajput/.rvm/rubies/ruby-3.2.0/include/ruby-3.2.0/ruby/internal/attr/maybe_unused.h:31:37: note: expanded from macro 'RBIMPL_ATTR_MAYBE_UNUSED'
   31 | # define RBIMPL_ATTR_MAYBE_UNUSED() [[maybe_unused]]
      |                                     ^
In file included from ed25519_ref10.c:1:
In file included from /Users/lakhveersinghrajput/.rvm/rubies/ruby-3.2.0/include/ruby-3.2.0/ruby.h:38:
In file included from /Users/lakhveersinghrajput/.rvm/rubies/ruby-3.2.0/include/ruby-3.2.0/ruby/ruby.h:27:
/Users/lakhveersinghrajput/.rvm/rubies/ruby-3.2.0/include/ruby-3.2.0/ruby/internal/anyargs.h:273:1: warning: [[]] attributes are a C2x extension [-Wc2x-extensions]
/Users/lakhveersinghrajput/.rvm/rubies/ruby-3.2.0/include/ruby-3.2.0/ruby/internal/anyargs.h:267:172: note: expanded from macro 'RBIMPL_ANYARGS_DECL'
  267 | RBIMPL_ANYARGS_ATTRSET(sym) static void sym ## _12(__VA_ARGS__, VALUE(*)(VALUE, VALUE, VALUE, VALUE, VALUE, VALUE, VALUE, VALUE, VALUE, VALUE, VALUE, VALUE, VALUE), int); \
      |                                                                                                                                                                            ^
/Users/lakhveersinghrajput/.rvm/rubies/ruby-3.2.0/include/ruby-3.2.0/ruby/internal/anyargs.h:249:38: note: expanded from macro '\
RBIMPL_ANYARGS_ATTRSET'
  249 | # define RBIMPL_ANYARGS_ATTRSET(sym) RBIMPL_ATTR_MAYBE_UNUSED() RBIMPL_ATTR_NONNULL(()) RBIMPL_ATTR_WEAKREF(sym)
      |                                      ^
/Users/lakhveersinghrajput/.rvm/rubies/ruby-3.2.0/include/ruby-3.2.0/ruby/internal/attr/maybe_unused.h:31:37: note: expanded from macro 'RBIMPL_ATTR_MAYBE_UNUSED'
   31 | # define RBIMPL_ATTR_MAYBE_UNUSED() [[maybe_unused]]
      |                                     ^
In file included from ed25519_ref10.c:1:
In file included from /Users/lakhveersinghrajput/.rvm/rubies/ruby-3.2.0/include/ruby-3.2.0/ruby.h:38:
In file included from /Users/lakhveersinghrajput/.rvm/rubies/ruby-3.2.0/include/ruby-3.2.0/ruby/ruby.h:27:
/Users/lakhveersinghrajput/.rvm/rubies/ruby-3.2.0/include/ruby-3.2.0/ruby/internal/anyargs.h:273:1: warning: [[]] attributes are a C2x extension [-Wc2x-extensions]
/Users/lakhveersinghrajput/.rvm/rubies/ruby-3.2.0/include/ruby-3.2.0/ruby/internal/anyargs.h:268:179: note: expanded from macro 'RBIMPL_ANYARGS_DECL'
  268 | RBIMPL_ANYARGS_ATTRSET(sym) static void sym ## _13(__VA_ARGS__, VALUE(*)(VALUE, VALUE, VALUE, VALUE, VALUE, VALUE, VALUE, VALUE, VALUE, VALUE, VALUE, VALUE, VALUE, VALUE), int); \
      |                                                                                                                                                                                   ^
/Users/lakhveersinghrajput/.rvm/rubies/ruby-3.2.0/include/ruby-3.2.0/ruby/internal/anyargs.h:249:38: note: expanded from macro '\
RBIMPL_ANYARGS_ATTRSET'
  249 | # define RBIMPL_ANYARGS_ATTRSET(sym) RBIMPL_ATTR_MAYBE_UNUSED() RBIMPL_ATTR_NONNULL(()) RBIMPL_ATTR_WEAKREF(sym)
      |                                      ^
/Users/lakhveersinghrajput/.rvm/rubies/ruby-3.2.0/include/ruby-3.2.0/ruby/internal/attr/maybe_unused.h:31:37: note: expanded from macro 'RBIMPL_ATTR_MAYBE_UNUSED'
   31 | # define RBIMPL_ATTR_MAYBE_UNUSED() [[maybe_unused]]
      |                                     ^
In file included from ed25519_ref10.c:1:
In file included from /Users/lakhveersinghrajput/.rvm/rubies/ruby-3.2.0/include/ruby-3.2.0/ruby.h:38:
In file included from /Users/lakhveersinghrajput/.rvm/rubies/ruby-3.2.0/include/ruby-3.2.0/ruby/ruby.h:27:
/Users/lakhveersinghrajput/.rvm/rubies/ruby-3.2.0/include/ruby-3.2.0/ruby/internal/anyargs.h:273:1: warning: [[]] attributes are a C2x extension [-Wc2x-extensions]
/Users/lakhveersinghrajput/.rvm/rubies/ruby-3.2.0/include/ruby-3.2.0/ruby/internal/anyargs.h:269:186: note: expanded from macro 'RBIMPL_ANYARGS_DECL'
  269 | RBIMPL_ANYARGS_ATTRSET(sym) static void sym ## _14(__VA_ARGS__, VALUE(*)(VALUE, VALUE, VALUE, VALUE, VALUE, VALUE, VALUE, VALUE, VALUE, VALUE, VALUE, VALUE, VALUE, VALUE, VALUE), int); \
      |                                                                                                                                                                                          ^
/Users/lakhveersinghrajput/.rvm/rubies/ruby-3.2.0/include/ruby-3.2.0/ruby/internal/anyargs.h:249:38: note: expanded from macro '\
RBIMPL_ANYARGS_ATTRSET'
  249 | # define RBIMPL_ANYARGS_ATTRSET(sym) RBIMPL_ATTR_MAYBE_UNUSED() RBIMPL_ATTR_NONNULL(()) RBIMPL_ATTR_WEAKREF(sym)
      |                                      ^
/Users/lakhveersinghrajput/.rvm/rubies/ruby-3.2.0/include/ruby-3.2.0/ruby/internal/attr/maybe_unused.h:31:37: note: expanded from macro 'RBIMPL_ATTR_MAYBE_UNUSED'
   31 | # define RBIMPL_ATTR_MAYBE_UNUSED() [[maybe_unused]]
      |                                     ^
In file included from ed25519_ref10.c:1:
In file included from /Users/lakhveersinghrajput/.rvm/rubies/ruby-3.2.0/include/ruby-3.2.0/ruby.h:38:
In file included from /Users/lakhveersinghrajput/.rvm/rubies/ruby-3.2.0/include/ruby-3.2.0/ruby/ruby.h:27:
/Users/lakhveersinghrajput/.rvm/rubies/ruby-3.2.0/include/ruby-3.2.0/ruby/internal/anyargs.h:274:1: warning: [[]] attributes are a C2x extension [-Wc2x-extensions]
  274 | RBIMPL_ANYARGS_DECL(rb_define_module_function, VALUE, const char *)
      | ^
/Users/lakhveersinghrajput/.rvm/rubies/ruby-3.2.0/include/ruby-3.2.0/ruby/internal/anyargs.h:250:40: note: expanded from macro 'RBIMPL_ANYARGS_DECL'
  250 | # define RBIMPL_ANYARGS_DECL(sym, ...) \
      |                                        ^
/Users/lakhveersinghrajput/.rvm/rubies/ruby-3.2.0/include/ruby-3.2.0/ruby/internal/anyargs.h:249:38: note: expanded from macro '\
RBIMPL_ANYARGS_ATTRSET'
  249 | # define RBIMPL_ANYARGS_ATTRSET(sym) RBIMPL_ATTR_MAYBE_UNUSED() RBIMPL_ATTR_NONNULL(()) RBIMPL_ATTR_WEAKREF(sym)
      |                                      ^
/Users/lakhveersinghrajput/.rvm/rubies/ruby-3.2.0/include/ruby-3.2.0/ruby/internal/attr/maybe_unused.h:31:37: note: expanded from macro 'RBIMPL_ATTR_MAYBE_UNUSED'
   31 | # define RBIMPL_ATTR_MAYBE_UNUSED() [[maybe_unused]]
      |                                     ^
In file included from ed25519_ref10.c:1:
In file included from /Users/lakhveersinghrajput/.rvm/rubies/ruby-3.2.0/include/ruby-3.2.0/ruby.h:38:
In file included from /Users/lakhveersinghrajput/.rvm/rubies/ruby-3.2.0/include/ruby-3.2.0/ruby/ruby.h:27:
/Users/lakhveersinghrajput/.rvm/rubies/ruby-3.2.0/include/ruby-3.2.0/ruby/internal/anyargs.h:274:1: warning: [[]] attributes are a C2x extension [-Wc2x-extensions]
/Users/lakhveersinghrajput/.rvm/rubies/ruby-3.2.0/include/ruby-3.2.0/ruby/internal/anyargs.h:251:120: note: expanded from macro 'RBIMPL_ANYARGS_DECL'
  251 | RBIMPL_ANYARGS_ATTRSET(sym) static void sym ## _notimpl(__VA_ARGS__, VALUE(*)(int, const VALUE *, VALUE, VALUE), int); \
      |                                                                                                                        ^
/Users/lakhveersinghrajput/.rvm/rubies/ruby-3.2.0/include/ruby-3.2.0/ruby/internal/anyargs.h:249:38: note: expanded from macro '\
RBIMPL_ANYARGS_ATTRSET'
  249 | # define RBIMPL_ANYARGS_ATTRSET(sym) RBIMPL_ATTR_MAYBE_UNUSED() RBIMPL_ATTR_NONNULL(()) RBIMPL_ATTR_WEAKREF(sym)
      |                                      ^
/Users/lakhveersinghrajput/.rvm/rubies/ruby-3.2.0/include/ruby-3.2.0/ruby/internal/attr/maybe_unused.h:31:37: note: expanded from macro 'RBIMPL_ATTR_MAYBE_UNUSED'
   31 | # define RBIMPL_ATTR_MAYBE_UNUSED() [[maybe_unused]]
      |                                     ^
In file included from ed25519_ref10.c:1:
In file included from /Users/lakhveersinghrajput/.rvm/rubies/ruby-3.2.0/include/ruby-3.2.0/ruby.h:38:
In file included from /Users/lakhveersinghrajput/.rvm/rubies/ruby-3.2.0/include/ruby-3.2.0/ruby/ruby.h:27:
/Users/lakhveersinghrajput/.rvm/rubies/ruby-3.2.0/include/ruby-3.2.0/ruby/internal/anyargs.h:274:1: warning: a function declaration without a prototype is deprecated in all versions of C [-Wstrict-prototypes]
/Users/lakhveersinghrajput/.rvm/rubies/ruby-3.2.0/include/ruby-3.2.0/ruby/internal/anyargs.h:252:73: note: expanded from macro 'RBIMPL_ANYARGS_DECL'
  252 | RBIMPL_ANYARGS_ATTRSET(sym) static void sym ## _m3(__VA_ARGS__, VALUE(*)(ANYARGS), int); \
      |                                                                         ^
/Users/lakhveersinghrajput/.rvm/rubies/ruby-3.2.0/include/ruby-3.2.0/ruby/internal/anyargs.h:274:1: warning: [[]] attributes are a C2x extension [-Wc2x-extensions]
/Users/lakhveersinghrajput/.rvm/rubies/ruby-3.2.0/include/ruby-3.2.0/ruby/internal/anyargs.h:252:90: note: expanded from macro 'RBIMPL_ANYARGS_DECL'
  252 | RBIMPL_ANYARGS_ATTRSET(sym) static void sym ## _m3(__VA_ARGS__, VALUE(*)(ANYARGS), int); \
      |                                                                                          ^
/Users/lakhveersinghrajput/.rvm/rubies/ruby-3.2.0/include/ruby-3.2.0/ruby/internal/anyargs.h:249:38: note: expanded from macro '\
RBIMPL_ANYARGS_ATTRSET'
  249 | # define RBIMPL_ANYARGS_ATTRSET(sym) RBIMPL_ATTR_MAYBE_UNUSED() RBIMPL_ATTR_NONNULL(()) RBIMPL_ATTR_WEAKREF(sym)
      |                                      ^
/Users/lakhveersinghrajput/.rvm/rubies/ruby-3.2.0/include/ruby-3.2.0/ruby/internal/attr/maybe_unused.h:31:37: note: expanded from macro 'RBIMPL_ATTR_MAYBE_UNUSED'
   31 | # define RBIMPL_ATTR_MAYBE_UNUSED() [[maybe_unused]]
      |                                     ^
In file included from ed25519_ref10.c:1:
In file included from /Users/lakhveersinghrajput/.rvm/rubies/ruby-3.2.0/include/ruby-3.2.0/ruby.h:38:
In file included from /Users/lakhveersinghrajput/.rvm/rubies/ruby-3.2.0/include/ruby-3.2.0/ruby/ruby.h:27:
/Users/lakhveersinghrajput/.rvm/rubies/ruby-3.2.0/include/ruby-3.2.0/ruby/internal/anyargs.h:274:1: warning: [[]] attributes are a C2x extension [-Wc2x-extensions]
/Users/lakhveersinghrajput/.rvm/rubies/ruby-3.2.0/include/ruby-3.2.0/ruby/internal/anyargs.h:253:95: note: expanded from macro 'RBIMPL_ANYARGS_DECL'
  253 | RBIMPL_ANYARGS_ATTRSET(sym) static void sym ## _m2(__VA_ARGS__, VALUE(*)(VALUE, VALUE), int); \
      |                                                                                               ^
/Users/lakhveersinghrajput/.rvm/rubies/ruby-3.2.0/include/ruby-3.2.0/ruby/internal/anyargs.h:249:38: note: expanded from macro '\
RBIMPL_ANYARGS_ATTRSET'
  249 | # define RBIMPL_ANYARGS_ATTRSET(sym) RBIMPL_ATTR_MAYBE_UNUSED() RBIMPL_ATTR_NONNULL(()) RBIMPL_ATTR_WEAKREF(sym)
      |                                      ^
/Users/lakhveersinghrajput/.rvm/rubies/ruby-3.2.0/include/ruby-3.2.0/ruby/internal/attr/maybe_unused.h:31:37: note: expanded from macro 'RBIMPL_ATTR_MAYBE_UNUSED'
   31 | # define RBIMPL_ATTR_MAYBE_UNUSED() [[maybe_unused]]
      |                                     ^
In file included from ed25519_ref10.c:1:
In file included from /Users/lakhveersinghrajput/.rvm/rubies/ruby-3.2.0/include/ruby-3.2.0/ruby.h:38:
In file included from /Users/lakhveersinghrajput/.rvm/rubies/ruby-3.2.0/include/ruby-3.2.0/ruby/ruby.h:27:
/Users/lakhveersinghrajput/.rvm/rubies/ruby-3.2.0/include/ruby-3.2.0/ruby/internal/anyargs.h:274:1: warning: [[]] attributes are a C2x extension [-Wc2x-extensions]
/Users/lakhveersinghrajput/.rvm/rubies/ruby-3.2.0/include/ruby-3.2.0/ruby/internal/anyargs.h:254:169: note: expanded from macro 'RBIMPL_ANYARGS_DECL'
  254 | RBIMPL_ANYARGS_ATTRSET(sym) static void sym ## _m1(__VA_ARGS__, VALUE(*)(int, union { VALUE *x; const VALUE *y; } __attribute__((__transparent_union__)), VALUE), int); \
      |                                                                                                                                                                         ^
/Users/lakhveersinghrajput/.rvm/rubies/ruby-3.2.0/include/ruby-3.2.0/ruby/internal/anyargs.h:249:38: note: expanded from macro '\
RBIMPL_ANYARGS_ATTRSET'
  249 | # define RBIMPL_ANYARGS_ATTRSET(sym) RBIMPL_ATTR_MAYBE_UNUSED() RBIMPL_ATTR_NONNULL(()) RBIMPL_ATTR_WEAKREF(sym)
      |                                      ^
/Users/lakhveersinghrajput/.rvm/rubies/ruby-3.2.0/include/ruby-3.2.0/ruby/internal/attr/maybe_unused.h:31:37: note: expanded from macro 'RBIMPL_ATTR_MAYBE_UNUSED'
   31 | # define RBIMPL_ATTR_MAYBE_UNUSED() [[maybe_unused]]
      |                                     ^
In file included from ed25519_ref10.c:1:
In file included from /Users/lakhveersinghrajput/.rvm/rubies/ruby-3.2.0/include/ruby-3.2.0/ruby.h:38:
In file included from /Users/lakhveersinghrajput/.rvm/rubies/ruby-3.2.0/include/ruby-3.2.0/ruby/ruby.h:27:
/Users/lakhveersinghrajput/.rvm/rubies/ruby-3.2.0/include/ruby-3.2.0/ruby/internal/anyargs.h:274:1: warning: [[]] attributes are a C2x extension [-Wc2x-extensions]
/Users/lakhveersinghrajput/.rvm/rubies/ruby-3.2.0/include/ruby-3.2.0/ruby/internal/anyargs.h:255:88: note: expanded from macro 'RBIMPL_ANYARGS_DECL'
  255 | RBIMPL_ANYARGS_ATTRSET(sym) static void sym ## _00(__VA_ARGS__, VALUE(*)(VALUE), int); \
      |                                                                                        ^
/Users/lakhveersinghrajput/.rvm/rubies/ruby-3.2.0/include/ruby-3.2.0/ruby/internal/anyargs.h:249:38: note: expanded from macro '\
RBIMPL_ANYARGS_ATTRSET'
  249 | # define RBIMPL_ANYARGS_ATTRSET(sym) RBIMPL_ATTR_MAYBE_UNUSED() RBIMPL_ATTR_NONNULL(()) RBIMPL_ATTR_WEAKREF(sym)
      |                                      ^
/Users/lakhveersinghrajput/.rvm/rubies/ruby-3.2.0/include/ruby-3.2.0/ruby/internal/attr/maybe_unused.h:31:37: note: expanded from macro 'RBIMPL_ATTR_MAYBE_UNUSED'
   31 | # define RBIMPL_ATTR_MAYBE_UNUSED() [[maybe_unused]]
      |                                     ^
In file included from ed25519_ref10.c:1:
In file included from /Users/lakhveersinghrajput/.rvm/rubies/ruby-3.2.0/include/ruby-3.2.0/ruby.h:38:
In file included from /Users/lakhveersinghrajput/.rvm/rubies/ruby-3.2.0/include/ruby-3.2.0/ruby/ruby.h:27:
/Users/lakhveersinghrajput/.rvm/rubies/ruby-3.2.0/include/ruby-3.2.0/ruby/internal/anyargs.h:274:1: warning: [[]] attributes are a C2x extension [-Wc2x-extensions]
/Users/lakhveersinghrajput/.rvm/rubies/ruby-3.2.0/include/ruby-3.2.0/ruby/internal/anyargs.h:256:95: note: expanded from macro 'RBIMPL_ANYARGS_DECL'
  256 | RBIMPL_ANYARGS_ATTRSET(sym) static void sym ## _01(__VA_ARGS__, VALUE(*)(VALUE, VALUE), int); \
      |                                                                                               ^
/Users/lakhveersinghrajput/.rvm/rubies/ruby-3.2.0/include/ruby-3.2.0/ruby/internal/anyargs.h:249:38: note: expanded from macro '\
RBIMPL_ANYARGS_ATTRSET'
  249 | # define RBIMPL_ANYARGS_ATTRSET(sym) RBIMPL_ATTR_MAYBE_UNUSED() RBIMPL_ATTR_NONNULL(()) RBIMPL_ATTR_WEAKREF(sym)
      |                                      ^
/Users/lakhveersinghrajput/.rvm/rubies/ruby-3.2.0/include/ruby-3.2.0/ruby/internal/attr/maybe_unused.h:31:37: note: expanded from macro 'RBIMPL_ATTR_MAYBE_UNUSED'
   31 | # define RBIMPL_ATTR_MAYBE_UNUSED() [[maybe_unused]]
      |                                     ^
In file included from ed25519_ref10.c:1:
In file included from /Users/lakhveersinghrajput/.rvm/rubies/ruby-3.2.0/include/ruby-3.2.0/ruby.h:38:
In file included from /Users/lakhveersinghrajput/.rvm/rubies/ruby-3.2.0/include/ruby-3.2.0/ruby/ruby.h:27:
/Users/lakhveersinghrajput/.rvm/rubies/ruby-3.2.0/include/ruby-3.2.0/ruby/internal/anyargs.h:274:1: warning: [[]] attributes are a C2x extension [-Wc2x-extensions]
/Users/lakhveersinghrajput/.rvm/rubies/ruby-3.2.0/include/ruby-3.2.0/ruby/internal/anyargs.h:257:102: note: expanded from macro 'RBIMPL_ANYARGS_DECL'
  257 | RBIMPL_ANYARGS_ATTRSET(sym) static void sym ## _02(__VA_ARGS__, VALUE(*)(VALUE, VALUE, VALUE), int); \
      |                                                                                                      ^
/Users/lakhveersinghrajput/.rvm/rubies/ruby-3.2.0/include/ruby-3.2.0/ruby/internal/anyargs.h:249:38: note: expanded from macro '\
RBIMPL_ANYARGS_ATTRSET'
  249 | # define RBIMPL_ANYARGS_ATTRSET(sym) RBIMPL_ATTR_MAYBE_UNUSED() RBIMPL_ATTR_NONNULL(()) RBIMPL_ATTR_WEAKREF(sym)
      |                                      ^
/Users/lakhveersinghrajput/.rvm/rubies/ruby-3.2.0/include/ruby-3.2.0/ruby/internal/attr/maybe_unused.h:31:37: note: expanded from macro 'RBIMPL_ATTR_MAYBE_UNUSED'
   31 | # define RBIMPL_ATTR_MAYBE_UNUSED() [[maybe_unused]]
      |                                     ^
In file included from ed25519_ref10.c:1:
In file included from /Users/lakhveersinghrajput/.rvm/rubies/ruby-3.2.0/include/ruby-3.2.0/ruby.h:38:
In file included from /Users/lakhveersinghrajput/.rvm/rubies/ruby-3.2.0/include/ruby-3.2.0/ruby/ruby.h:27:
/Users/lakhveersinghrajput/.rvm/rubies/ruby-3.2.0/include/ruby-3.2.0/ruby/internal/anyargs.h:274:1: warning: [[]] attributes are a C2x extension [-Wc2x-extensions]
/Users/lakhveersinghrajput/.rvm/rubies/ruby-3.2.0/include/ruby-3.2.0/ruby/internal/anyargs.h:258:109: note: expanded from macro 'RBIMPL_ANYARGS_DECL'
  258 | RBIMPL_ANYARGS_ATTRSET(sym) static void sym ## _03(__VA_ARGS__, VALUE(*)(VALUE, VALUE, VALUE, VALUE), int); \
      |                                                                                                             ^
/Users/lakhveersinghrajput/.rvm/rubies/ruby-3.2.0/include/ruby-3.2.0/ruby/internal/anyargs.h:249:38: note: expanded from macro '\
RBIMPL_ANYARGS_ATTRSET'
  249 | # define RBIMPL_ANYARGS_ATTRSET(sym) RBIMPL_ATTR_MAYBE_UNUSED() RBIMPL_ATTR_NONNULL(()) RBIMPL_ATTR_WEAKREF(sym)
      |                                      ^
/Users/lakhveersinghrajput/.rvm/rubies/ruby-3.2.0/include/ruby-3.2.0/ruby/internal/attr/maybe_unused.h:31:37: note: expanded from macro 'RBIMPL_ATTR_MAYBE_UNUSED'
   31 | # define RBIMPL_ATTR_MAYBE_UNUSED() [[maybe_unused]]
      |                                     ^
In file included from ed25519_ref10.c:1:
In file included from /Users/lakhveersinghrajput/.rvm/rubies/ruby-3.2.0/include/ruby-3.2.0/ruby.h:38:
In file included from /Users/lakhveersinghrajput/.rvm/rubies/ruby-3.2.0/include/ruby-3.2.0/ruby/ruby.h:27:
/Users/lakhveersinghrajput/.rvm/rubies/ruby-3.2.0/include/ruby-3.2.0/ruby/internal/anyargs.h:274:1: warning: [[]] attributes are a C2x extension [-Wc2x-extensions]
/Users/lakhveersinghrajput/.rvm/rubies/ruby-3.2.0/include/ruby-3.2.0/ruby/internal/anyargs.h:259:116: note: expanded from macro 'RBIMPL_ANYARGS_DECL'
  259 | RBIMPL_ANYARGS_ATTRSET(sym) static void sym ## _04(__VA_ARGS__, VALUE(*)(VALUE, VALUE, VALUE, VALUE, VALUE), int); \
      |                                                                                                                    ^
/Users/lakhveersinghrajput/.rvm/rubies/ruby-3.2.0/include/ruby-3.2.0/ruby/internal/anyargs.h:249:38: note: expanded from macro '\
RBIMPL_ANYARGS_ATTRSET'
  249 | # define RBIMPL_ANYARGS_ATTRSET(sym) RBIMPL_ATTR_MAYBE_UNUSED() RBIMPL_ATTR_NONNULL(()) RBIMPL_ATTR_WEAKREF(sym)
      |                                      ^
/Users/lakhveersinghrajput/.rvm/rubies/ruby-3.2.0/include/ruby-3.2.0/ruby/internal/attr/maybe_unused.h:31:37: note: expanded from macro 'RBIMPL_ATTR_MAYBE_UNUSED'
   31 | # define RBIMPL_ATTR_MAYBE_UNUSED() [[maybe_unused]]
      |                                     ^
In file included from ed25519_ref10.c:1:
In file included from /Users/lakhveersinghrajput/.rvm/rubies/ruby-3.2.0/include/ruby-3.2.0/ruby.h:38:
In file included from /Users/lakhveersinghrajput/.rvm/rubies/ruby-3.2.0/include/ruby-3.2.0/ruby/ruby.h:27:
/Users/lakhveersinghrajput/.rvm/rubies/ruby-3.2.0/include/ruby-3.2.0/ruby/internal/anyargs.h:274:1: warning: [[]] attributes are a C2x extension [-Wc2x-extensions]
/Users/lakhveersinghrajput/.rvm/rubies/ruby-3.2.0/include/ruby-3.2.0/ruby/internal/anyargs.h:260:123: note: expanded from macro 'RBIMPL_ANYARGS_DECL'
  260 | RBIMPL_ANYARGS_ATTRSET(sym) static void sym ## _05(__VA_ARGS__, VALUE(*)(VALUE, VALUE, VALUE, VALUE, VALUE, VALUE), int); \
      |                                                                                                                           ^
/Users/lakhveersinghrajput/.rvm/rubies/ruby-3.2.0/include/ruby-3.2.0/ruby/internal/anyargs.h:249:38: note: expanded from macro '\
RBIMPL_ANYARGS_ATTRSET'
  249 | # define RBIMPL_ANYARGS_ATTRSET(sym) RBIMPL_ATTR_MAYBE_UNUSED() RBIMPL_ATTR_NONNULL(()) RBIMPL_ATTR_WEAKREF(sym)
      |                                      ^
/Users/lakhveersinghrajput/.rvm/rubies/ruby-3.2.0/include/ruby-3.2.0/ruby/internal/attr/maybe_unused.h:31:37: note: expanded from macro 'RBIMPL_ATTR_MAYBE_UNUSED'
   31 | # define RBIMPL_ATTR_MAYBE_UNUSED() [[maybe_unused]]
      |                                     ^
In file included from ed25519_ref10.c:1:
In file included from /Users/lakhveersinghrajput/.rvm/rubies/ruby-3.2.0/include/ruby-3.2.0/ruby.h:38:
In file included from /Users/lakhveersinghrajput/.rvm/rubies/ruby-3.2.0/include/ruby-3.2.0/ruby/ruby.h:27:
/Users/lakhveersinghrajput/.rvm/rubies/ruby-3.2.0/include/ruby-3.2.0/ruby/internal/anyargs.h:274:1: warning: [[]] attributes are a C2x extension [-Wc2x-extensions]
/Users/lakhveersinghrajput/.rvm/rubies/ruby-3.2.0/include/ruby-3.2.0/ruby/internal/anyargs.h:261:130: note: expanded from macro 'RBIMPL_ANYARGS_DECL'
  261 | RBIMPL_ANYARGS_ATTRSET(sym) static void sym ## _06(__VA_ARGS__, VALUE(*)(VALUE, VALUE, VALUE, VALUE, VALUE, VALUE, VALUE), int); \
      |                                                                                                                                  ^
/Users/lakhveersinghrajput/.rvm/rubies/ruby-3.2.0/include/ruby-3.2.0/ruby/internal/anyargs.h:249:38: note: expanded from macro '\
RBIMPL_ANYARGS_ATTRSET'
  249 | # define RBIMPL_ANYARGS_ATTRSET(sym) RBIMPL_ATTR_MAYBE_UNUSED() RBIMPL_ATTR_NONNULL(()) RBIMPL_ATTR_WEAKREF(sym)
      |                                      ^
/Users/lakhveersinghrajput/.rvm/rubies/ruby-3.2.0/include/ruby-3.2.0/ruby/internal/attr/maybe_unused.h:31:37: note: expanded from macro 'RBIMPL_ATTR_MAYBE_UNUSED'
   31 | # define RBIMPL_ATTR_MAYBE_UNUSED() [[maybe_unused]]
      |                                     ^
In file included from ed25519_ref10.c:1:
In file included from /Users/lakhveersinghrajput/.rvm/rubies/ruby-3.2.0/include/ruby-3.2.0/ruby.h:38:
In file included from /Users/lakhveersinghrajput/.rvm/rubies/ruby-3.2.0/include/ruby-3.2.0/ruby/ruby.h:27:
/Users/lakhveersinghrajput/.rvm/rubies/ruby-3.2.0/include/ruby-3.2.0/ruby/internal/anyargs.h:274:1: warning: [[]] attributes are a C2x extension [-Wc2x-extensions]
/Users/lakhveersinghrajput/.rvm/rubies/ruby-3.2.0/include/ruby-3.2.0/ruby/internal/anyargs.h:262:137: note: expanded from macro 'RBIMPL_ANYARGS_DECL'
  262 | RBIMPL_ANYARGS_ATTRSET(sym) static void sym ## _07(__VA_ARGS__, VALUE(*)(VALUE, VALUE, VALUE, VALUE, VALUE, VALUE, VALUE, VALUE), int); \
      |                                                                                                                                         ^
/Users/lakhveersinghrajput/.rvm/rubies/ruby-3.2.0/include/ruby-3.2.0/ruby/internal/anyargs.h:249:38: note: expanded from macro '\
RBIMPL_ANYARGS_ATTRSET'
  249 | # define RBIMPL_ANYARGS_ATTRSET(sym) RBIMPL_ATTR_MAYBE_UNUSED() RBIMPL_ATTR_NONNULL(()) RBIMPL_ATTR_WEAKREF(sym)
      |                                      ^
/Users/lakhveersinghrajput/.rvm/rubies/ruby-3.2.0/include/ruby-3.2.0/ruby/internal/attr/maybe_unused.h:31:37: note: expanded from macro 'RBIMPL_ATTR_MAYBE_UNUSED'
   31 | # define RBIMPL_ATTR_MAYBE_UNUSED() [[maybe_unused]]
      |                                     ^
In file included from ed25519_ref10.c:1:
In file included from /Users/lakhveersinghrajput/.rvm/rubies/ruby-3.2.0/include/ruby-3.2.0/ruby.h:38:
In file included from /Users/lakhveersinghrajput/.rvm/rubies/ruby-3.2.0/include/ruby-3.2.0/ruby/ruby.h:27:
/Users/lakhveersinghrajput/.rvm/rubies/ruby-3.2.0/include/ruby-3.2.0/ruby/internal/anyargs.h:274:1: warning: [[]] attributes are a C2x extension [-Wc2x-extensions]
/Users/lakhveersinghrajput/.rvm/rubies/ruby-3.2.0/include/ruby-3.2.0/ruby/internal/anyargs.h:263:144: note: expanded from macro 'RBIMPL_ANYARGS_DECL'
  263 | RBIMPL_ANYARGS_ATTRSET(sym) static void sym ## _08(__VA_ARGS__, VALUE(*)(VALUE, VALUE, VALUE, VALUE, VALUE, VALUE, VALUE, VALUE, VALUE), int); \
      |                                                                                                                                                ^
/Users/lakhveersinghrajput/.rvm/rubies/ruby-3.2.0/include/ruby-3.2.0/ruby/internal/anyargs.h:249:38: note: expanded from macro '\
RBIMPL_ANYARGS_ATTRSET'
  249 | # define RBIMPL_ANYARGS_ATTRSET(sym) RBIMPL_ATTR_MAYBE_UNUSED() RBIMPL_ATTR_NONNULL(()) RBIMPL_ATTR_WEAKREF(sym)
      |                                      ^
/Users/lakhveersinghrajput/.rvm/rubies/ruby-3.2.0/include/ruby-3.2.0/ruby/internal/attr/maybe_unused.h:31:37: note: expanded from macro 'RBIMPL_ATTR_MAYBE_UNUSED'
   31 | # define RBIMPL_ATTR_MAYBE_UNUSED() [[maybe_unused]]
      |                                     ^
In file included from ed25519_ref10.c:1:
In file included from /Users/lakhveersinghrajput/.rvm/rubies/ruby-3.2.0/include/ruby-3.2.0/ruby.h:38:
In file included from /Users/lakhveersinghrajput/.rvm/rubies/ruby-3.2.0/include/ruby-3.2.0/ruby/ruby.h:27:
/Users/lakhveersinghrajput/.rvm/rubies/ruby-3.2.0/include/ruby-3.2.0/ruby/internal/anyargs.h:274:1: warning: [[]] attributes are a C2x extension [-Wc2x-extensions]
/Users/lakhveersinghrajput/.rvm/rubies/ruby-3.2.0/include/ruby-3.2.0/ruby/internal/anyargs.h:264:151: note: expanded from macro 'RBIMPL_ANYARGS_DECL'
  264 | RBIMPL_ANYARGS_ATTRSET(sym) static void sym ## _09(__VA_ARGS__, VALUE(*)(VALUE, VALUE, VALUE, VALUE, VALUE, VALUE, VALUE, VALUE, VALUE, VALUE), int); \
      |                                                                                                                                                       ^
/Users/lakhveersinghrajput/.rvm/rubies/ruby-3.2.0/include/ruby-3.2.0/ruby/internal/anyargs.h:249:38: note: expanded from macro '\
RBIMPL_ANYARGS_ATTRSET'
  249 | # define RBIMPL_ANYARGS_ATTRSET(sym) RBIMPL_ATTR_MAYBE_UNUSED() RBIMPL_ATTR_NONNULL(()) RBIMPL_ATTR_WEAKREF(sym)
      |                                      ^
/Users/lakhveersinghrajput/.rvm/rubies/ruby-3.2.0/include/ruby-3.2.0/ruby/internal/attr/maybe_unused.h:31:37: note: expanded from macro 'RBIMPL_ATTR_MAYBE_UNUSED'
   31 | # define RBIMPL_ATTR_MAYBE_UNUSED() [[maybe_unused]]
      |                                     ^
In file included from ed25519_ref10.c:1:
In file included from /Users/lakhveersinghrajput/.rvm/rubies/ruby-3.2.0/include/ruby-3.2.0/ruby.h:38:
In file included from /Users/lakhveersinghrajput/.rvm/rubies/ruby-3.2.0/include/ruby-3.2.0/ruby/ruby.h:27:
/Users/lakhveersinghrajput/.rvm/rubies/ruby-3.2.0/include/ruby-3.2.0/ruby/internal/anyargs.h:274:1: warning: [[]] attributes are a C2x extension [-Wc2x-extensions]
/Users/lakhveersinghrajput/.rvm/rubies/ruby-3.2.0/include/ruby-3.2.0/ruby/internal/anyargs.h:265:158: note: expanded from macro 'RBIMPL_ANYARGS_DECL'
  265 | RBIMPL_ANYARGS_ATTRSET(sym) static void sym ## _10(__VA_ARGS__, VALUE(*)(VALUE, VALUE, VALUE, VALUE, VALUE, VALUE, VALUE, VALUE, VALUE, VALUE, VALUE), int); \
      |                                                                                                                                                              ^
/Users/lakhveersinghrajput/.rvm/rubies/ruby-3.2.0/include/ruby-3.2.0/ruby/internal/anyargs.h:249:38: note: expanded from macro '\
RBIMPL_ANYARGS_ATTRSET'
  249 | # define RBIMPL_ANYARGS_ATTRSET(sym) RBIMPL_ATTR_MAYBE_UNUSED() RBIMPL_ATTR_NONNULL(()) RBIMPL_ATTR_WEAKREF(sym)
      |                                      ^
/Users/lakhveersinghrajput/.rvm/rubies/ruby-3.2.0/include/ruby-3.2.0/ruby/internal/attr/maybe_unused.h:31:37: note: expanded from macro 'RBIMPL_ATTR_MAYBE_UNUSED'
   31 | # define RBIMPL_ATTR_MAYBE_UNUSED() [[maybe_unused]]
      |                                     ^
In file included from ed25519_ref10.c:1:
In file included from /Users/lakhveersinghrajput/.rvm/rubies/ruby-3.2.0/include/ruby-3.2.0/ruby.h:38:
In file included from /Users/lakhveersinghrajput/.rvm/rubies/ruby-3.2.0/include/ruby-3.2.0/ruby/ruby.h:27:
/Users/lakhveersinghrajput/.rvm/rubies/ruby-3.2.0/include/ruby-3.2.0/ruby/internal/anyargs.h:274:1: warning: [[]] attributes are a C2x extension [-Wc2x-extensions]
/Users/lakhveersinghrajput/.rvm/rubies/ruby-3.2.0/include/ruby-3.2.0/ruby/internal/anyargs.h:266:165: note: expanded from macro 'RBIMPL_ANYARGS_DECL'
  266 | RBIMPL_ANYARGS_ATTRSET(sym) static void sym ## _11(__VA_ARGS__, VALUE(*)(VALUE, VALUE, VALUE, VALUE, VALUE, VALUE, VALUE, VALUE, VALUE, VALUE, VALUE, VALUE), int); \
      |                                                                                                                                                                     ^
/Users/lakhveersinghrajput/.rvm/rubies/ruby-3.2.0/include/ruby-3.2.0/ruby/internal/anyargs.h:249:38: note: expanded from macro '\
RBIMPL_ANYARGS_ATTRSET'
  249 | # define RBIMPL_ANYARGS_ATTRSET(sym) RBIMPL_ATTR_MAYBE_UNUSED() RBIMPL_ATTR_NONNULL(()) RBIMPL_ATTR_WEAKREF(sym)
      |                                      ^
/Users/lakhveersinghrajput/.rvm/rubies/ruby-3.2.0/include/ruby-3.2.0/ruby/internal/attr/maybe_unused.h:31:37: note: expanded from macro 'RBIMPL_ATTR_MAYBE_UNUSED'
   31 | # define RBIMPL_ATTR_MAYBE_UNUSED() [[maybe_unused]]
      |                                     ^
In file included from ed25519_ref10.c:1:
In file included from /Users/lakhveersinghrajput/.rvm/rubies/ruby-3.2.0/include/ruby-3.2.0/ruby.h:38:
In file included from /Users/lakhveersinghrajput/.rvm/rubies/ruby-3.2.0/include/ruby-3.2.0/ruby/ruby.h:27:
/Users/lakhveersinghrajput/.rvm/rubies/ruby-3.2.0/include/ruby-3.2.0/ruby/internal/anyargs.h:274:1: warning: [[]] attributes are a C2x extension [-Wc2x-extensions]
/Users/lakhveersinghrajput/.rvm/rubies/ruby-3.2.0/include/ruby-3.2.0/ruby/internal/anyargs.h:267:172: note: expanded from macro 'RBIMPL_ANYARGS_DECL'
  267 | RBIMPL_ANYARGS_ATTRSET(sym) static void sym ## _12(__VA_ARGS__, VALUE(*)(VALUE, VALUE, VALUE, VALUE, VALUE, VALUE, VALUE, VALUE, VALUE, VALUE, VALUE, VALUE, VALUE), int); \
      |                                                                                                                                                                            ^
/Users/lakhveersinghrajput/.rvm/rubies/ruby-3.2.0/include/ruby-3.2.0/ruby/internal/anyargs.h:249:38: note: expanded from macro '\
RBIMPL_ANYARGS_ATTRSET'
  249 | # define RBIMPL_ANYARGS_ATTRSET(sym) RBIMPL_ATTR_MAYBE_UNUSED() RBIMPL_ATTR_NONNULL(()) RBIMPL_ATTR_WEAKREF(sym)
      |                                      ^
/Users/lakhveersinghrajput/.rvm/rubies/ruby-3.2.0/include/ruby-3.2.0/ruby/internal/attr/maybe_unused.h:31:37: note: expanded from macro 'RBIMPL_ATTR_MAYBE_UNUSED'
   31 | # define RBIMPL_ATTR_MAYBE_UNUSED() [[maybe_unused]]
      |                                     ^
In file included from ed25519_ref10.c:1:
In file included from /Users/lakhveersinghrajput/.rvm/rubies/ruby-3.2.0/include/ruby-3.2.0/ruby.h:38:
In file included from /Users/lakhveersinghrajput/.rvm/rubies/ruby-3.2.0/include/ruby-3.2.0/ruby/ruby.h:27:
/Users/lakhveersinghrajput/.rvm/rubies/ruby-3.2.0/include/ruby-3.2.0/ruby/internal/anyargs.h:274:1: warning: [[]] attributes are a C2x extension [-Wc2x-extensions]
/Users/lakhveersinghrajput/.rvm/rubies/ruby-3.2.0/include/ruby-3.2.0/ruby/internal/anyargs.h:268:179: note: expanded from macro 'RBIMPL_ANYARGS_DECL'
  268 | RBIMPL_ANYARGS_ATTRSET(sym) static void sym ## _13(__VA_ARGS__, VALUE(*)(VALUE, VALUE, VALUE, VALUE, VALUE, VALUE, VALUE, VALUE, VALUE, VALUE, VALUE, VALUE, VALUE, VALUE), int); \
      |                                                                                                                                                                                   ^
/Users/lakhveersinghrajput/.rvm/rubies/ruby-3.2.0/include/ruby-3.2.0/ruby/internal/anyargs.h:249:38: note: expanded from macro '\
RBIMPL_ANYARGS_ATTRSET'
  249 | # define RBIMPL_ANYARGS_ATTRSET(sym) RBIMPL_ATTR_MAYBE_UNUSED() RBIMPL_ATTR_NONNULL(()) RBIMPL_ATTR_WEAKREF(sym)
      |                                      ^
/Users/lakhveersinghrajput/.rvm/rubies/ruby-3.2.0/include/ruby-3.2.0/ruby/internal/attr/maybe_unused.h:31:37: note: expanded from macro 'RBIMPL_ATTR_MAYBE_UNUSED'
   31 | # define RBIMPL_ATTR_MAYBE_UNUSED() [[maybe_unused]]
      |                                     ^
In file included from ed25519_ref10.c:1:
In file included from /Users/lakhveersinghrajput/.rvm/rubies/ruby-3.2.0/include/ruby-3.2.0/ruby.h:38:
In file included from /Users/lakhveersinghrajput/.rvm/rubies/ruby-3.2.0/include/ruby-3.2.0/ruby/ruby.h:27:
/Users/lakhveersinghrajput/.rvm/rubies/ruby-3.2.0/include/ruby-3.2.0/ruby/internal/anyargs.h:274:1: warning: [[]] attributes are a C2x extension [-Wc2x-extensions]
/Users/lakhveersinghrajput/.rvm/rubies/ruby-3.2.0/include/ruby-3.2.0/ruby/internal/anyargs.h:269:186: note: expanded from macro 'RBIMPL_ANYARGS_DECL'
  269 | RBIMPL_ANYARGS_ATTRSET(sym) static void sym ## _14(__VA_ARGS__, VALUE(*)(VALUE, VALUE, VALUE, VALUE, VALUE, VALUE, VALUE, VALUE, VALUE, VALUE, VALUE, VALUE, VALUE, VALUE, VALUE), int); \
      |                                                                                                                                                                                          ^
/Users/lakhveersinghrajput/.rvm/rubies/ruby-3.2.0/include/ruby-3.2.0/ruby/internal/anyargs.h:249:38: note: expanded from macro '\
RBIMPL_ANYARGS_ATTRSET'
  249 | # define RBIMPL_ANYARGS_ATTRSET(sym) RBIMPL_ATTR_MAYBE_UNUSED() RBIMPL_ATTR_NONNULL(()) RBIMPL_ATTR_WEAKREF(sym)
      |                                      ^
/Users/lakhveersinghrajput/.rvm/rubies/ruby-3.2.0/include/ruby-3.2.0/ruby/internal/attr/maybe_unused.h:31:37: note: expanded from macro 'RBIMPL_ATTR_MAYBE_UNUSED'
   31 | # define RBIMPL_ATTR_MAYBE_UNUSED() [[maybe_unused]]
      |                                     ^
In file included from ed25519_ref10.c:1:
In file included from /Users/lakhveersinghrajput/.rvm/rubies/ruby-3.2.0/include/ruby-3.2.0/ruby.h:38:
In file included from /Users/lakhveersinghrajput/.rvm/rubies/ruby-3.2.0/include/ruby-3.2.0/ruby/ruby.h:27:
/Users/lakhveersinghrajput/.rvm/rubies/ruby-3.2.0/include/ruby-3.2.0/ruby/internal/anyargs.h:275:1: warning: [[]] attributes are a C2x extension [-Wc2x-extensions]
  275 | RBIMPL_ANYARGS_DECL(rb_define_global_function, const char *)
      | ^
/Users/lakhveersinghrajput/.rvm/rubies/ruby-3.2.0/include/ruby-3.2.0/ruby/internal/anyargs.h:250:40: note: expanded from macro 'RBIMPL_ANYARGS_DECL'
  250 | # define RBIMPL_ANYARGS_DECL(sym, ...) \
      |                                        ^
/Users/lakhveersinghrajput/.rvm/rubies/ruby-3.2.0/include/ruby-3.2.0/ruby/internal/anyargs.h:249:38: note: expanded from macro '\
RBIMPL_ANYARGS_ATTRSET'
  249 | # define RBIMPL_ANYARGS_ATTRSET(sym) RBIMPL_ATTR_MAYBE_UNUSED() RBIMPL_ATTR_NONNULL(()) RBIMPL_ATTR_WEAKREF(sym)
      |                                      ^
/Users/lakhveersinghrajput/.rvm/rubies/ruby-3.2.0/include/ruby-3.2.0/ruby/internal/attr/maybe_unused.h:31:37: note: expanded from macro 'RBIMPL_ATTR_MAYBE_UNUSED'
   31 | # define RBIMPL_ATTR_MAYBE_UNUSED() [[maybe_unused]]
      |                                     ^
In file included from ed25519_ref10.c:1:
In file included from /Users/lakhveersinghrajput/.rvm/rubies/ruby-3.2.0/include/ruby-3.2.0/ruby.h:38:
In file included from /Users/lakhveersinghrajput/.rvm/rubies/ruby-3.2.0/include/ruby-3.2.0/ruby/ruby.h:27:
/Users/lakhveersinghrajput/.rvm/rubies/ruby-3.2.0/include/ruby-3.2.0/ruby/internal/anyargs.h:275:1: warning: [[]] attributes are a C2x extension [-Wc2x-extensions]
/Users/lakhveersinghrajput/.rvm/rubies/ruby-3.2.0/include/ruby-3.2.0/ruby/internal/anyargs.h:251:120: note: expanded from macro 'RBIMPL_ANYARGS_DECL'
  251 | RBIMPL_ANYARGS_ATTRSET(sym) static void sym ## _notimpl(__VA_ARGS__, VALUE(*)(int, const VALUE *, VALUE, VALUE), int); \
      |                                                                                                                        ^
/Users/lakhveersinghrajput/.rvm/rubies/ruby-3.2.0/include/ruby-3.2.0/ruby/internal/anyargs.h:249:38: note: expanded from macro '\
RBIMPL_ANYARGS_ATTRSET'
  249 | # define RBIMPL_ANYARGS_ATTRSET(sym) RBIMPL_ATTR_MAYBE_UNUSED() RBIMPL_ATTR_NONNULL(()) RBIMPL_ATTR_WEAKREF(sym)
      |                                      ^
/Users/lakhveersinghrajput/.rvm/rubies/ruby-3.2.0/include/ruby-3.2.0/ruby/internal/attr/maybe_unused.h:31:37: note: expanded from macro 'RBIMPL_ATTR_MAYBE_UNUSED'
   31 | # define RBIMPL_ATTR_MAYBE_UNUSED() [[maybe_unused]]
      |                                     ^
In file included from ed25519_ref10.c:1:
In file included from /Users/lakhveersinghrajput/.rvm/rubies/ruby-3.2.0/include/ruby-3.2.0/ruby.h:38:
In file included from /Users/lakhveersinghrajput/.rvm/rubies/ruby-3.2.0/include/ruby-3.2.0/ruby/ruby.h:27:
/Users/lakhveersinghrajput/.rvm/rubies/ruby-3.2.0/include/ruby-3.2.0/ruby/internal/anyargs.h:275:1: warning: a function declaration without a prototype is deprecated in all versions of C [-Wstrict-prototypes]
/Users/lakhveersinghrajput/.rvm/rubies/ruby-3.2.0/include/ruby-3.2.0/ruby/internal/anyargs.h:252:73: note: expanded from macro 'RBIMPL_ANYARGS_DECL'
  252 | RBIMPL_ANYARGS_ATTRSET(sym) static void sym ## _m3(__VA_ARGS__, VALUE(*)(ANYARGS), int); \
      |                                                                         ^
/Users/lakhveersinghrajput/.rvm/rubies/ruby-3.2.0/include/ruby-3.2.0/ruby/internal/anyargs.h:275:1: warning: [[]] attributes are a C2x extension [-Wc2x-extensions]
/Users/lakhveersinghrajput/.rvm/rubies/ruby-3.2.0/include/ruby-3.2.0/ruby/internal/anyargs.h:252:90: note: expanded from macro 'RBIMPL_ANYARGS_DECL'
  252 | RBIMPL_ANYARGS_ATTRSET(sym) static void sym ## _m3(__VA_ARGS__, VALUE(*)(ANYARGS), int); \
      |                                                                                          ^
/Users/lakhveersinghrajput/.rvm/rubies/ruby-3.2.0/include/ruby-3.2.0/ruby/internal/anyargs.h:249:38: note: expanded from macro '\
RBIMPL_ANYARGS_ATTRSET'
  249 | # define RBIMPL_ANYARGS_ATTRSET(sym) RBIMPL_ATTR_MAYBE_UNUSED() RBIMPL_ATTR_NONNULL(()) RBIMPL_ATTR_WEAKREF(sym)
      |                                      ^
/Users/lakhveersinghrajput/.rvm/rubies/ruby-3.2.0/include/ruby-3.2.0/ruby/internal/attr/maybe_unused.h:31:37: note: expanded from macro 'RBIMPL_ATTR_MAYBE_UNUSED'
   31 | # define RBIMPL_ATTR_MAYBE_UNUSED() [[maybe_unused]]
      |                                     ^
In file included from ed25519_ref10.c:1:
In file included from /Users/lakhveersinghrajput/.rvm/rubies/ruby-3.2.0/include/ruby-3.2.0/ruby.h:38:
In file included from /Users/lakhveersinghrajput/.rvm/rubies/ruby-3.2.0/include/ruby-3.2.0/ruby/ruby.h:27:
/Users/lakhveersinghrajput/.rvm/rubies/ruby-3.2.0/include/ruby-3.2.0/ruby/internal/anyargs.h:275:1: warning: [[]] attributes are a C2x extension [-Wc2x-extensions]
/Users/lakhveersinghrajput/.rvm/rubies/ruby-3.2.0/include/ruby-3.2.0/ruby/internal/anyargs.h:253:95: note: expanded from macro 'RBIMPL_ANYARGS_DECL'
  253 | RBIMPL_ANYARGS_ATTRSET(sym) static void sym ## _m2(__VA_ARGS__, VALUE(*)(VALUE, VALUE), int); \
      |                                                                                               ^
/Users/lakhveersinghrajput/.rvm/rubies/ruby-3.2.0/include/ruby-3.2.0/ruby/internal/anyargs.h:249:38: note: expanded from macro '\
RBIMPL_ANYARGS_ATTRSET'
  249 | # define RBIMPL_ANYARGS_ATTRSET(sym) RBIMPL_ATTR_MAYBE_UNUSED() RBIMPL_ATTR_NONNULL(()) RBIMPL_ATTR_WEAKREF(sym)
      |                                      ^
/Users/lakhveersinghrajput/.rvm/rubies/ruby-3.2.0/include/ruby-3.2.0/ruby/internal/attr/maybe_unused.h:31:37: note: expanded from macro 'RBIMPL_ATTR_MAYBE_UNUSED'
   31 | # define RBIMPL_ATTR_MAYBE_UNUSED() [[maybe_unused]]
      |                                     ^
In file included from ed25519_ref10.c:1:
In file included from /Users/lakhveersinghrajput/.rvm/rubies/ruby-3.2.0/include/ruby-3.2.0/ruby.h:38:
In file included from /Users/lakhveersinghrajput/.rvm/rubies/ruby-3.2.0/include/ruby-3.2.0/ruby/ruby.h:27:
/Users/lakhveersinghrajput/.rvm/rubies/ruby-3.2.0/include/ruby-3.2.0/ruby/internal/anyargs.h:275:1: warning: [[]] attributes are a C2x extension [-Wc2x-extensions]
/Users/lakhveersinghrajput/.rvm/rubies/ruby-3.2.0/include/ruby-3.2.0/ruby/internal/anyargs.h:254:169: note: expanded from macro 'RBIMPL_ANYARGS_DECL'
  254 | RBIMPL_ANYARGS_ATTRSET(sym) static void sym ## _m1(__VA_ARGS__, VALUE(*)(int, union { VALUE *x; const VALUE *y; } __attribute__((__transparent_union__)), VALUE), int); \
      |                                                                                                                                                                         ^
/Users/lakhveersinghrajput/.rvm/rubies/ruby-3.2.0/include/ruby-3.2.0/ruby/internal/anyargs.h:249:38: note: expanded from macro '\
RBIMPL_ANYARGS_ATTRSET'
  249 | # define RBIMPL_ANYARGS_ATTRSET(sym) RBIMPL_ATTR_MAYBE_UNUSED() RBIMPL_ATTR_NONNULL(()) RBIMPL_ATTR_WEAKREF(sym)
      |                                      ^
/Users/lakhveersinghrajput/.rvm/rubies/ruby-3.2.0/include/ruby-3.2.0/ruby/internal/attr/maybe_unused.h:31:37: note: expanded from macro 'RBIMPL_ATTR_MAYBE_UNUSED'
   31 | # define RBIMPL_ATTR_MAYBE_UNUSED() [[maybe_unused]]
      |                                     ^
In file included from ed25519_ref10.c:1:
In file included from /Users/lakhveersinghrajput/.rvm/rubies/ruby-3.2.0/include/ruby-3.2.0/ruby.h:38:
In file included from /Users/lakhveersinghrajput/.rvm/rubies/ruby-3.2.0/include/ruby-3.2.0/ruby/ruby.h:27:
/Users/lakhveersinghrajput/.rvm/rubies/ruby-3.2.0/include/ruby-3.2.0/ruby/internal/anyargs.h:275:1: warning: [[]] attributes are a C2x extension [-Wc2x-extensions]
/Users/lakhveersinghrajput/.rvm/rubies/ruby-3.2.0/include/ruby-3.2.0/ruby/internal/anyargs.h:255:88: note: expanded from macro 'RBIMPL_ANYARGS_DECL'
  255 | RBIMPL_ANYARGS_ATTRSET(sym) static void sym ## _00(__VA_ARGS__, VALUE(*)(VALUE), int); \
      |                                                                                        ^
/Users/lakhveersinghrajput/.rvm/rubies/ruby-3.2.0/include/ruby-3.2.0/ruby/internal/anyargs.h:249:38: note: expanded from macro '\
RBIMPL_ANYARGS_ATTRSET'
  249 | # define RBIMPL_ANYARGS_ATTRSET(sym) RBIMPL_ATTR_MAYBE_UNUSED() RBIMPL_ATTR_NONNULL(()) RBIMPL_ATTR_WEAKREF(sym)
      |                                      ^
/Users/lakhveersinghrajput/.rvm/rubies/ruby-3.2.0/include/ruby-3.2.0/ruby/internal/attr/maybe_unused.h:31:37: note: expanded from macro 'RBIMPL_ATTR_MAYBE_UNUSED'
   31 | # define RBIMPL_ATTR_MAYBE_UNUSED() [[maybe_unused]]
      |                                     ^
In file included from ed25519_ref10.c:1:
In file included from /Users/lakhveersinghrajput/.rvm/rubies/ruby-3.2.0/include/ruby-3.2.0/ruby.h:38:
In file included from /Users/lakhveersinghrajput/.rvm/rubies/ruby-3.2.0/include/ruby-3.2.0/ruby/ruby.h:27:
/Users/lakhveersinghrajput/.rvm/rubies/ruby-3.2.0/include/ruby-3.2.0/ruby/internal/anyargs.h:275:1: warning: [[]] attributes are a C2x extension [-Wc2x-extensions]
/Users/lakhveersinghrajput/.rvm/rubies/ruby-3.2.0/include/ruby-3.2.0/ruby/internal/anyargs.h:256:95: note: expanded from macro 'RBIMPL_ANYARGS_DECL'
  256 | RBIMPL_ANYARGS_ATTRSET(sym) static void sym ## _01(__VA_ARGS__, VALUE(*)(VALUE, VALUE), int); \
      |                                                                                               ^
/Users/lakhveersinghrajput/.rvm/rubies/ruby-3.2.0/include/ruby-3.2.0/ruby/internal/anyargs.h:249:38: note: expanded from macro '\
RBIMPL_ANYARGS_ATTRSET'
  249 | # define RBIMPL_ANYARGS_ATTRSET(sym) RBIMPL_ATTR_MAYBE_UNUSED() RBIMPL_ATTR_NONNULL(()) RBIMPL_ATTR_WEAKREF(sym)
      |                                      ^
/Users/lakhveersinghrajput/.rvm/rubies/ruby-3.2.0/include/ruby-3.2.0/ruby/internal/attr/maybe_unused.h:31:37: note: expanded from macro 'RBIMPL_ATTR_MAYBE_UNUSED'
   31 | # define RBIMPL_ATTR_MAYBE_UNUSED() [[maybe_unused]]
      |                                     ^
In file included from ed25519_ref10.c:1:
In file included from /Users/lakhveersinghrajput/.rvm/rubies/ruby-3.2.0/include/ruby-3.2.0/ruby.h:38:
In file included from /Users/lakhveersinghrajput/.rvm/rubies/ruby-3.2.0/include/ruby-3.2.0/ruby/ruby.h:27:
/Users/lakhveersinghrajput/.rvm/rubies/ruby-3.2.0/include/ruby-3.2.0/ruby/internal/anyargs.h:275:1: warning: [[]] attributes are a C2x extension [-Wc2x-extensions]
/Users/lakhveersinghrajput/.rvm/rubies/ruby-3.2.0/include/ruby-3.2.0/ruby/internal/anyargs.h:257:102: note: expanded from macro 'RBIMPL_ANYARGS_DECL'
  257 | RBIMPL_ANYARGS_ATTRSET(sym) static void sym ## _02(__VA_ARGS__, VALUE(*)(VALUE, VALUE, VALUE), int); \
      |                                                                                                      ^
/Users/lakhveersinghrajput/.rvm/rubies/ruby-3.2.0/include/ruby-3.2.0/ruby/internal/anyargs.h:249:38: note: expanded from macro '\
RBIMPL_ANYARGS_ATTRSET'
  249 | # define RBIMPL_ANYARGS_ATTRSET(sym) RBIMPL_ATTR_MAYBE_UNUSED() RBIMPL_ATTR_NONNULL(()) RBIMPL_ATTR_WEAKREF(sym)
      |                                      ^
/Users/lakhveersinghrajput/.rvm/rubies/ruby-3.2.0/include/ruby-3.2.0/ruby/internal/attr/maybe_unused.h:31:37: note: expanded from macro 'RBIMPL_ATTR_MAYBE_UNUSED'
   31 | # define RBIMPL_ATTR_MAYBE_UNUSED() [[maybe_unused]]
      |                                     ^
In file included from ed25519_ref10.c:1:
In file included from /Users/lakhveersinghrajput/.rvm/rubies/ruby-3.2.0/include/ruby-3.2.0/ruby.h:38:
In file included from /Users/lakhveersinghrajput/.rvm/rubies/ruby-3.2.0/include/ruby-3.2.0/ruby/ruby.h:27:
/Users/lakhveersinghrajput/.rvm/rubies/ruby-3.2.0/include/ruby-3.2.0/ruby/internal/anyargs.h:275:1: warning: [[]] attributes are a C2x extension [-Wc2x-extensions]
/Users/lakhveersinghrajput/.rvm/rubies/ruby-3.2.0/include/ruby-3.2.0/ruby/internal/anyargs.h:258:109: note: expanded from macro 'RBIMPL_ANYARGS_DECL'
  258 | RBIMPL_ANYARGS_ATTRSET(sym) static void sym ## _03(__VA_ARGS__, VALUE(*)(VALUE, VALUE, VALUE, VALUE), int); \
      |                                                                                                             ^
/Users/lakhveersinghrajput/.rvm/rubies/ruby-3.2.0/include/ruby-3.2.0/ruby/internal/anyargs.h:249:38: note: expanded from macro '\
RBIMPL_ANYARGS_ATTRSET'
  249 | # define RBIMPL_ANYARGS_ATTRSET(sym) RBIMPL_ATTR_MAYBE_UNUSED() RBIMPL_ATTR_NONNULL(()) RBIMPL_ATTR_WEAKREF(sym)
      |                                      ^
/Users/lakhveersinghrajput/.rvm/rubies/ruby-3.2.0/include/ruby-3.2.0/ruby/internal/attr/maybe_unused.h:31:37: note: expanded from macro 'RBIMPL_ATTR_MAYBE_UNUSED'
   31 | # define RBIMPL_ATTR_MAYBE_UNUSED() [[maybe_unused]]
      |                                     ^
In file included from ed25519_ref10.c:1:
In file included from /Users/lakhveersinghrajput/.rvm/rubies/ruby-3.2.0/include/ruby-3.2.0/ruby.h:38:
In file included from /Users/lakhveersinghrajput/.rvm/rubies/ruby-3.2.0/include/ruby-3.2.0/ruby/ruby.h:27:
/Users/lakhveersinghrajput/.rvm/rubies/ruby-3.2.0/include/ruby-3.2.0/ruby/internal/anyargs.h:275:1: warning: [[]] attributes are a C2x extension [-Wc2x-extensions]
/Users/lakhveersinghrajput/.rvm/rubies/ruby-3.2.0/include/ruby-3.2.0/ruby/internal/anyargs.h:259:116: note: expanded from macro 'RBIMPL_ANYARGS_DECL'
  259 | RBIMPL_ANYARGS_ATTRSET(sym) static void sym ## _04(__VA_ARGS__, VALUE(*)(VALUE, VALUE, VALUE, VALUE, VALUE), int); \
      |                                                                                                                    ^
/Users/lakhveersinghrajput/.rvm/rubies/ruby-3.2.0/include/ruby-3.2.0/ruby/internal/anyargs.h:249:38: note: expanded from macro '\
RBIMPL_ANYARGS_ATTRSET'
  249 | # define RBIMPL_ANYARGS_ATTRSET(sym) RBIMPL_ATTR_MAYBE_UNUSED() RBIMPL_ATTR_NONNULL(()) RBIMPL_ATTR_WEAKREF(sym)
      |                                      ^
/Users/lakhveersinghrajput/.rvm/rubies/ruby-3.2.0/include/ruby-3.2.0/ruby/internal/attr/maybe_unused.h:31:37: note: expanded from macro 'RBIMPL_ATTR_MAYBE_UNUSED'
   31 | # define RBIMPL_ATTR_MAYBE_UNUSED() [[maybe_unused]]
      |                                     ^
In file included from ed25519_ref10.c:1:
In file included from /Users/lakhveersinghrajput/.rvm/rubies/ruby-3.2.0/include/ruby-3.2.0/ruby.h:38:
In file included from /Users/lakhveersinghrajput/.rvm/rubies/ruby-3.2.0/include/ruby-3.2.0/ruby/ruby.h:27:
/Users/lakhveersinghrajput/.rvm/rubies/ruby-3.2.0/include/ruby-3.2.0/ruby/internal/anyargs.h:275:1: warning: [[]] attributes are a C2x extension [-Wc2x-extensions]
/Users/lakhveersinghrajput/.rvm/rubies/ruby-3.2.0/include/ruby-3.2.0/ruby/internal/anyargs.h:260:123: note: expanded from macro 'RBIMPL_ANYARGS_DECL'
  260 | RBIMPL_ANYARGS_ATTRSET(sym) static void sym ## _05(__VA_ARGS__, VALUE(*)(VALUE, VALUE, VALUE, VALUE, VALUE, VALUE), int); \
      |                                                                                                                           ^
/Users/lakhveersinghrajput/.rvm/rubies/ruby-3.2.0/include/ruby-3.2.0/ruby/internal/anyargs.h:249:38: note: expanded from macro '\
RBIMPL_ANYARGS_ATTRSET'
  249 | # define RBIMPL_ANYARGS_ATTRSET(sym) RBIMPL_ATTR_MAYBE_UNUSED() RBIMPL_ATTR_NONNULL(()) RBIMPL_ATTR_WEAKREF(sym)
      |                                      ^
/Users/lakhveersinghrajput/.rvm/rubies/ruby-3.2.0/include/ruby-3.2.0/ruby/internal/attr/maybe_unused.h:31:37: note: expanded from macro 'RBIMPL_ATTR_MAYBE_UNUSED'
   31 | # define RBIMPL_ATTR_MAYBE_UNUSED() [[maybe_unused]]
      |                                     ^
In file included from ed25519_ref10.c:1:
In file included from /Users/lakhveersinghrajput/.rvm/rubies/ruby-3.2.0/include/ruby-3.2.0/ruby.h:38:
In file included from /Users/lakhveersinghrajput/.rvm/rubies/ruby-3.2.0/include/ruby-3.2.0/ruby/ruby.h:27:
/Users/lakhveersinghrajput/.rvm/rubies/ruby-3.2.0/include/ruby-3.2.0/ruby/internal/anyargs.h:275:1: warning: [[]] attributes are a C2x extension [-Wc2x-extensions]
/Users/lakhveersinghrajput/.rvm/rubies/ruby-3.2.0/include/ruby-3.2.0/ruby/internal/anyargs.h:261:130: note: expanded from macro 'RBIMPL_ANYARGS_DECL'
  261 | RBIMPL_ANYARGS_ATTRSET(sym) static void sym ## _06(__VA_ARGS__, VALUE(*)(VALUE, VALUE, VALUE, VALUE, VALUE, VALUE, VALUE), int); \
      |                                                                                                                                  ^
/Users/lakhveersinghrajput/.rvm/rubies/ruby-3.2.0/include/ruby-3.2.0/ruby/internal/anyargs.h:249:38: note: expanded from macro '\
RBIMPL_ANYARGS_ATTRSET'
  249 | # define RBIMPL_ANYARGS_ATTRSET(sym) RBIMPL_ATTR_MAYBE_UNUSED() RBIMPL_ATTR_NONNULL(()) RBIMPL_ATTR_WEAKREF(sym)
      |                                      ^
/Users/lakhveersinghrajput/.rvm/rubies/ruby-3.2.0/include/ruby-3.2.0/ruby/internal/attr/maybe_unused.h:31:37: note: expanded from macro 'RBIMPL_ATTR_MAYBE_UNUSED'
   31 | # define RBIMPL_ATTR_MAYBE_UNUSED() [[maybe_unused]]
      |                                     ^
In file included from ed25519_ref10.c:1:
In file included from /Users/lakhveersinghrajput/.rvm/rubies/ruby-3.2.0/include/ruby-3.2.0/ruby.h:38:
In file included from /Users/lakhveersinghrajput/.rvm/rubies/ruby-3.2.0/include/ruby-3.2.0/ruby/ruby.h:27:
/Users/lakhveersinghrajput/.rvm/rubies/ruby-3.2.0/include/ruby-3.2.0/ruby/internal/anyargs.h:275:1: warning: [[]] attributes are a C2x extension [-Wc2x-extensions]
/Users/lakhveersinghrajput/.rvm/rubies/ruby-3.2.0/include/ruby-3.2.0/ruby/internal/anyargs.h:262:137: note: expanded from macro 'RBIMPL_ANYARGS_DECL'
  262 | RBIMPL_ANYARGS_ATTRSET(sym) static void sym ## _07(__VA_ARGS__, VALUE(*)(VALUE, VALUE, VALUE, VALUE, VALUE, VALUE, VALUE, VALUE), int); \
      |                                                                                                                                         ^
/Users/lakhveersinghrajput/.rvm/rubies/ruby-3.2.0/include/ruby-3.2.0/ruby/internal/anyargs.h:249:38: note: expanded from macro '\
RBIMPL_ANYARGS_ATTRSET'
  249 | # define RBIMPL_ANYARGS_ATTRSET(sym) RBIMPL_ATTR_MAYBE_UNUSED() RBIMPL_ATTR_NONNULL(()) RBIMPL_ATTR_WEAKREF(sym)
      |                                      ^
/Users/lakhveersinghrajput/.rvm/rubies/ruby-3.2.0/include/ruby-3.2.0/ruby/internal/attr/maybe_unused.h:31:37: note: expanded from macro 'RBIMPL_ATTR_MAYBE_UNUSED'
   31 | # define RBIMPL_ATTR_MAYBE_UNUSED() [[maybe_unused]]
      |                                     ^
In file included from ed25519_ref10.c:1:
In file included from /Users/lakhveersinghrajput/.rvm/rubies/ruby-3.2.0/include/ruby-3.2.0/ruby.h:38:
In file included from /Users/lakhveersinghrajput/.rvm/rubies/ruby-3.2.0/include/ruby-3.2.0/ruby/ruby.h:27:
/Users/lakhveersinghrajput/.rvm/rubies/ruby-3.2.0/include/ruby-3.2.0/ruby/internal/anyargs.h:275:1: warning: [[]] attributes are a C2x extension [-Wc2x-extensions]
/Users/lakhveersinghrajput/.rvm/rubies/ruby-3.2.0/include/ruby-3.2.0/ruby/internal/anyargs.h:263:144: note: expanded from macro 'RBIMPL_ANYARGS_DECL'
  263 | RBIMPL_ANYARGS_ATTRSET(sym) static void sym ## _08(__VA_ARGS__, VALUE(*)(VALUE, VALUE, VALUE, VALUE, VALUE, VALUE, VALUE, VALUE, VALUE), int); \
      |                                                                                                                                                ^
/Users/lakhveersinghrajput/.rvm/rubies/ruby-3.2.0/include/ruby-3.2.0/ruby/internal/anyargs.h:249:38: note: expanded from macro '\
RBIMPL_ANYARGS_ATTRSET'
  249 | # define RBIMPL_ANYARGS_ATTRSET(sym) RBIMPL_ATTR_MAYBE_UNUSED() RBIMPL_ATTR_NONNULL(()) RBIMPL_ATTR_WEAKREF(sym)
      |                                      ^
/Users/lakhveersinghrajput/.rvm/rubies/ruby-3.2.0/include/ruby-3.2.0/ruby/internal/attr/maybe_unused.h:31:37: note: expanded from macro 'RBIMPL_ATTR_MAYBE_UNUSED'
   31 | # define RBIMPL_ATTR_MAYBE_UNUSED() [[maybe_unused]]
      |                                     ^
In file included from ed25519_ref10.c:1:
In file included from /Users/lakhveersinghrajput/.rvm/rubies/ruby-3.2.0/include/ruby-3.2.0/ruby.h:38:
In file included from /Users/lakhveersinghrajput/.rvm/rubies/ruby-3.2.0/include/ruby-3.2.0/ruby/ruby.h:27:
/Users/lakhveersinghrajput/.rvm/rubies/ruby-3.2.0/include/ruby-3.2.0/ruby/internal/anyargs.h:275:1: warning: [[]] attributes are a C2x extension [-Wc2x-extensions]
/Users/lakhveersinghrajput/.rvm/rubies/ruby-3.2.0/include/ruby-3.2.0/ruby/internal/anyargs.h:264:151: note: expanded from macro 'RBIMPL_ANYARGS_DECL'
  264 | RBIMPL_ANYARGS_ATTRSET(sym) static void sym ## _09(__VA_ARGS__, VALUE(*)(VALUE, VALUE, VALUE, VALUE, VALUE, VALUE, VALUE, VALUE, VALUE, VALUE), int); \
      |                                                                                                                                                       ^
/Users/lakhveersinghrajput/.rvm/rubies/ruby-3.2.0/include/ruby-3.2.0/ruby/internal/anyargs.h:249:38: note: expanded from macro '\
RBIMPL_ANYARGS_ATTRSET'
  249 | # define RBIMPL_ANYARGS_ATTRSET(sym) RBIMPL_ATTR_MAYBE_UNUSED() RBIMPL_ATTR_NONNULL(()) RBIMPL_ATTR_WEAKREF(sym)
      |                                      ^
/Users/lakhveersinghrajput/.rvm/rubies/ruby-3.2.0/include/ruby-3.2.0/ruby/internal/attr/maybe_unused.h:31:37: note: expanded from macro 'RBIMPL_ATTR_MAYBE_UNUSED'
   31 | # define RBIMPL_ATTR_MAYBE_UNUSED() [[maybe_unused]]
      |                                     ^
In file included from ed25519_ref10.c:1:
In file included from /Users/lakhveersinghrajput/.rvm/rubies/ruby-3.2.0/include/ruby-3.2.0/ruby.h:38:
In file included from /Users/lakhveersinghrajput/.rvm/rubies/ruby-3.2.0/include/ruby-3.2.0/ruby/ruby.h:27:
/Users/lakhveersinghrajput/.rvm/rubies/ruby-3.2.0/include/ruby-3.2.0/ruby/internal/anyargs.h:275:1: warning: [[]] attributes are a C2x extension [-Wc2x-extensions]
/Users/lakhveersinghrajput/.rvm/rubies/ruby-3.2.0/include/ruby-3.2.0/ruby/internal/anyargs.h:265:158: note: expanded from macro 'RBIMPL_ANYARGS_DECL'
  265 | RBIMPL_ANYARGS_ATTRSET(sym) static void sym ## _10(__VA_ARGS__, VALUE(*)(VALUE, VALUE, VALUE, VALUE, VALUE, VALUE, VALUE, VALUE, VALUE, VALUE, VALUE), int); \
      |                                                                                                                                                              ^
/Users/lakhveersinghrajput/.rvm/rubies/ruby-3.2.0/include/ruby-3.2.0/ruby/internal/anyargs.h:249:38: note: expanded from macro '\
RBIMPL_ANYARGS_ATTRSET'
  249 | # define RBIMPL_ANYARGS_ATTRSET(sym) RBIMPL_ATTR_MAYBE_UNUSED() RBIMPL_ATTR_NONNULL(()) RBIMPL_ATTR_WEAKREF(sym)
      |                                      ^
/Users/lakhveersinghrajput/.rvm/rubies/ruby-3.2.0/include/ruby-3.2.0/ruby/internal/attr/maybe_unused.h:31:37: note: expanded from macro 'RBIMPL_ATTR_MAYBE_UNUSED'
   31 | # define RBIMPL_ATTR_MAYBE_UNUSED() [[maybe_unused]]
      |                                     ^
In file included from ed25519_ref10.c:1:
In file included from /Users/lakhveersinghrajput/.rvm/rubies/ruby-3.2.0/include/ruby-3.2.0/ruby.h:38:
In file included from /Users/lakhveersinghrajput/.rvm/rubies/ruby-3.2.0/include/ruby-3.2.0/ruby/ruby.h:27:
/Users/lakhveersinghrajput/.rvm/rubies/ruby-3.2.0/include/ruby-3.2.0/ruby/internal/anyargs.h:275:1: warning: [[]] attributes are a C2x extension [-Wc2x-extensions]
/Users/lakhveersinghrajput/.rvm/rubies/ruby-3.2.0/include/ruby-3.2.0/ruby/internal/anyargs.h:266:165: note: expanded from macro 'RBIMPL_ANYARGS_DECL'
  266 | RBIMPL_ANYARGS_ATTRSET(sym) static void sym ## _11(__VA_ARGS__, VALUE(*)(VALUE, VALUE, VALUE, VALUE, VALUE, VALUE, VALUE, VALUE, VALUE, VALUE, VALUE, VALUE), int); \
      |                                                                                                                                                                     ^
/Users/lakhveersinghrajput/.rvm/rubies/ruby-3.2.0/include/ruby-3.2.0/ruby/internal/anyargs.h:249:38: note: expanded from macro '\
RBIMPL_ANYARGS_ATTRSET'
  249 | # define RBIMPL_ANYARGS_ATTRSET(sym) RBIMPL_ATTR_MAYBE_UNUSED() RBIMPL_ATTR_NONNULL(()) RBIMPL_ATTR_WEAKREF(sym)
      |                                      ^
/Users/lakhveersinghrajput/.rvm/rubies/ruby-3.2.0/include/ruby-3.2.0/ruby/internal/attr/maybe_unused.h:31:37: note: expanded from macro 'RBIMPL_ATTR_MAYBE_UNUSED'
   31 | # define RBIMPL_ATTR_MAYBE_UNUSED() [[maybe_unused]]
      |                                     ^
In file included from ed25519_ref10.c:1:
In file included from /Users/lakhveersinghrajput/.rvm/rubies/ruby-3.2.0/include/ruby-3.2.0/ruby.h:38:
In file included from /Users/lakhveersinghrajput/.rvm/rubies/ruby-3.2.0/include/ruby-3.2.0/ruby/ruby.h:27:
/Users/lakhveersinghrajput/.rvm/rubies/ruby-3.2.0/include/ruby-3.2.0/ruby/internal/anyargs.h:275:1: warning: [[]] attributes are a C2x extension [-Wc2x-extensions]
/Users/lakhveersinghrajput/.rvm/rubies/ruby-3.2.0/include/ruby-3.2.0/ruby/internal/anyargs.h:267:172: note: expanded from macro 'RBIMPL_ANYARGS_DECL'
  267 | RBIMPL_ANYARGS_ATTRSET(sym) static void sym ## _12(__VA_ARGS__, VALUE(*)(VALUE, VALUE, VALUE, VALUE, VALUE, VALUE, VALUE, VALUE, VALUE, VALUE, VALUE, VALUE, VALUE), int); \
      |                                                                                                                                                                            ^
/Users/lakhveersinghrajput/.rvm/rubies/ruby-3.2.0/include/ruby-3.2.0/ruby/internal/anyargs.h:249:38: note: expanded from macro '\
RBIMPL_ANYARGS_ATTRSET'
  249 | # define RBIMPL_ANYARGS_ATTRSET(sym) RBIMPL_ATTR_MAYBE_UNUSED() RBIMPL_ATTR_NONNULL(()) RBIMPL_ATTR_WEAKREF(sym)
      |                                      ^
/Users/lakhveersinghrajput/.rvm/rubies/ruby-3.2.0/include/ruby-3.2.0/ruby/internal/attr/maybe_unused.h:31:37: note: expanded from macro 'RBIMPL_ATTR_MAYBE_UNUSED'
   31 | # define RBIMPL_ATTR_MAYBE_UNUSED() [[maybe_unused]]
      |                                     ^
In file included from ed25519_ref10.c:1:
In file included from /Users/lakhveersinghrajput/.rvm/rubies/ruby-3.2.0/include/ruby-3.2.0/ruby.h:38:
In file included from /Users/lakhveersinghrajput/.rvm/rubies/ruby-3.2.0/include/ruby-3.2.0/ruby/ruby.h:27:
/Users/lakhveersinghrajput/.rvm/rubies/ruby-3.2.0/include/ruby-3.2.0/ruby/internal/anyargs.h:275:1: warning: [[]] attributes are a C2x extension [-Wc2x-extensions]
/Users/lakhveersinghrajput/.rvm/rubies/ruby-3.2.0/include/ruby-3.2.0/ruby/internal/anyargs.h:268:179: note: expanded from macro 'RBIMPL_ANYARGS_DECL'
  268 | RBIMPL_ANYARGS_ATTRSET(sym) static void sym ## _13(__VA_ARGS__, VALUE(*)(VALUE, VALUE, VALUE, VALUE, VALUE, VALUE, VALUE, VALUE, VALUE, VALUE, VALUE, VALUE, VALUE, VALUE), int); \
      |                                                                                                                                                                                   ^
/Users/lakhveersinghrajput/.rvm/rubies/ruby-3.2.0/include/ruby-3.2.0/ruby/internal/anyargs.h:249:38: note: expanded from macro '\
RBIMPL_ANYARGS_ATTRSET'
  249 | # define RBIMPL_ANYARGS_ATTRSET(sym) RBIMPL_ATTR_MAYBE_UNUSED() RBIMPL_ATTR_NONNULL(()) RBIMPL_ATTR_WEAKREF(sym)
      |                                      ^
/Users/lakhveersinghrajput/.rvm/rubies/ruby-3.2.0/include/ruby-3.2.0/ruby/internal/attr/maybe_unused.h:31:37: note: expanded from macro 'RBIMPL_ATTR_MAYBE_UNUSED'
   31 | # define RBIMPL_ATTR_MAYBE_UNUSED() [[maybe_unused]]
      |                                     ^
In file included from ed25519_ref10.c:1:
In file included from /Users/lakhveersinghrajput/.rvm/rubies/ruby-3.2.0/include/ruby-3.2.0/ruby.h:38:
In file included from /Users/lakhveersinghrajput/.rvm/rubies/ruby-3.2.0/include/ruby-3.2.0/ruby/ruby.h:27:
/Users/lakhveersinghrajput/.rvm/rubies/ruby-3.2.0/include/ruby-3.2.0/ruby/internal/anyargs.h:275:1: warning: [[]] attributes are a C2x extension [-Wc2x-extensions]
/Users/lakhveersinghrajput/.rvm/rubies/ruby-3.2.0/include/ruby-3.2.0/ruby/internal/anyargs.h:269:186: note: expanded from macro 'RBIMPL_ANYARGS_DECL'
  269 | RBIMPL_ANYARGS_ATTRSET(sym) static void sym ## _14(__VA_ARGS__, VALUE(*)(VALUE, VALUE, VALUE, VALUE, VALUE, VALUE, VALUE, VALUE, VALUE, VALUE, VALUE, VALUE, VALUE, VALUE, VALUE), int); \
      |                                                                                                                                                                                          ^
/Users/lakhveersinghrajput/.rvm/rubies/ruby-3.2.0/include/ruby-3.2.0/ruby/internal/anyargs.h:249:38: note: expanded from macro '\
RBIMPL_ANYARGS_ATTRSET'
  249 | # define RBIMPL_ANYARGS_ATTRSET(sym) RBIMPL_ATTR_MAYBE_UNUSED() RBIMPL_ATTR_NONNULL(()) RBIMPL_ATTR_WEAKREF(sym)
      |                                      ^
/Users/lakhveersinghrajput/.rvm/rubies/ruby-3.2.0/include/ruby-3.2.0/ruby/internal/attr/maybe_unused.h:31:37: note: expanded from macro 'RBIMPL_ATTR_MAYBE_UNUSED'
   31 | # define RBIMPL_ATTR_MAYBE_UNUSED() [[maybe_unused]]
      |                                     ^
In file included from ed25519_ref10.c:1:
In file included from /Users/lakhveersinghrajput/.rvm/rubies/ruby-3.2.0/include/ruby-3.2.0/ruby.h:38:
In file included from /Users/lakhveersinghrajput/.rvm/rubies/ruby-3.2.0/include/ruby-3.2.0/ruby/ruby.h:27:
/Users/lakhveersinghrajput/.rvm/rubies/ruby-3.2.0/include/ruby-3.2.0/ruby/internal/anyargs.h:276:1: warning: [[]] attributes are a C2x extension [-Wc2x-extensions]
  276 | RBIMPL_ANYARGS_DECL(rb_define_method_id, VALUE, ID)
      | ^
/Users/lakhveersinghrajput/.rvm/rubies/ruby-3.2.0/include/ruby-3.2.0/ruby/internal/anyargs.h:250:40: note: expanded from macro 'RBIMPL_ANYARGS_DECL'
  250 | # define RBIMPL_ANYARGS_DECL(sym, ...) \
      |                                        ^
/Users/lakhveersinghrajput/.rvm/rubies/ruby-3.2.0/include/ruby-3.2.0/ruby/internal/anyargs.h:249:38: note: expanded from macro '\
RBIMPL_ANYARGS_ATTRSET'
  249 | # define RBIMPL_ANYARGS_ATTRSET(sym) RBIMPL_ATTR_MAYBE_UNUSED() RBIMPL_ATTR_NONNULL(()) RBIMPL_ATTR_WEAKREF(sym)
      |                                      ^
/Users/lakhveersinghrajput/.rvm/rubies/ruby-3.2.0/include/ruby-3.2.0/ruby/internal/attr/maybe_unused.h:31:37: note: expanded from macro 'RBIMPL_ATTR_MAYBE_UNUSED'
   31 | # define RBIMPL_ATTR_MAYBE_UNUSED() [[maybe_unused]]
      |                                     ^
In file included from ed25519_ref10.c:1:
In file included from /Users/lakhveersinghrajput/.rvm/rubies/ruby-3.2.0/include/ruby-3.2.0/ruby.h:38:
In file included from /Users/lakhveersinghrajput/.rvm/rubies/ruby-3.2.0/include/ruby-3.2.0/ruby/ruby.h:27:
/Users/lakhveersinghrajput/.rvm/rubies/ruby-3.2.0/include/ruby-3.2.0/ruby/internal/anyargs.h:276:1: warning: [[]] attributes are a C2x extension [-Wc2x-extensions]
/Users/lakhveersinghrajput/.rvm/rubies/ruby-3.2.0/include/ruby-3.2.0/ruby/internal/anyargs.h:251:120: note: expanded from macro 'RBIMPL_ANYARGS_DECL'
  251 | RBIMPL_ANYARGS_ATTRSET(sym) static void sym ## _notimpl(__VA_ARGS__, VALUE(*)(int, const VALUE *, VALUE, VALUE), int); \
      |                                                                                                                        ^
/Users/lakhveersinghrajput/.rvm/rubies/ruby-3.2.0/include/ruby-3.2.0/ruby/internal/anyargs.h:249:38: note: expanded from macro '\
RBIMPL_ANYARGS_ATTRSET'
  249 | # define RBIMPL_ANYARGS_ATTRSET(sym) RBIMPL_ATTR_MAYBE_UNUSED() RBIMPL_ATTR_NONNULL(()) RBIMPL_ATTR_WEAKREF(sym)
      |                                      ^
/Users/lakhveersinghrajput/.rvm/rubies/ruby-3.2.0/include/ruby-3.2.0/ruby/internal/attr/maybe_unused.h:31:37: note: expanded from macro 'RBIMPL_ATTR_MAYBE_UNUSED'
   31 | # define RBIMPL_ATTR_MAYBE_UNUSED() [[maybe_unused]]
      |                                     ^
In file included from ed25519_ref10.c:1:
In file included from /Users/lakhveersinghrajput/.rvm/rubies/ruby-3.2.0/include/ruby-3.2.0/ruby.h:38:
In file included from /Users/lakhveersinghrajput/.rvm/rubies/ruby-3.2.0/include/ruby-3.2.0/ruby/ruby.h:27:
/Users/lakhveersinghrajput/.rvm/rubies/ruby-3.2.0/include/ruby-3.2.0/ruby/internal/anyargs.h:276:1: warning: a function declaration without a prototype is deprecated in all versions of C [-Wstrict-prototypes]
/Users/lakhveersinghrajput/.rvm/rubies/ruby-3.2.0/include/ruby-3.2.0/ruby/internal/anyargs.h:252:73: note: expanded from macro 'RBIMPL_ANYARGS_DECL'
  252 | RBIMPL_ANYARGS_ATTRSET(sym) static void sym ## _m3(__VA_ARGS__, VALUE(*)(ANYARGS), int); \
      |                                                                         ^
/Users/lakhveersinghrajput/.rvm/rubies/ruby-3.2.0/include/ruby-3.2.0/ruby/internal/anyargs.h:276:1: warning: [[]] attributes are a C2x extension [-Wc2x-extensions]
/Users/lakhveersinghrajput/.rvm/rubies/ruby-3.2.0/include/ruby-3.2.0/ruby/internal/anyargs.h:252:90: note: expanded from macro 'RBIMPL_ANYARGS_DECL'
  252 | RBIMPL_ANYARGS_ATTRSET(sym) static void sym ## _m3(__VA_ARGS__, VALUE(*)(ANYARGS), int); \
      |                                                                                          ^
/Users/lakhveersinghrajput/.rvm/rubies/ruby-3.2.0/include/ruby-3.2.0/ruby/internal/anyargs.h:249:38: note: expanded from macro '\
RBIMPL_ANYARGS_ATTRSET'
  249 | # define RBIMPL_ANYARGS_ATTRSET(sym) RBIMPL_ATTR_MAYBE_UNUSED() RBIMPL_ATTR_NONNULL(()) RBIMPL_ATTR_WEAKREF(sym)
      |                                      ^
/Users/lakhveersinghrajput/.rvm/rubies/ruby-3.2.0/include/ruby-3.2.0/ruby/internal/attr/maybe_unused.h:31:37: note: expanded from macro 'RBIMPL_ATTR_MAYBE_UNUSED'
   31 | # define RBIMPL_ATTR_MAYBE_UNUSED() [[maybe_unused]]
      |                                     ^
In file included from ed25519_ref10.c:1:
In file included from /Users/lakhveersinghrajput/.rvm/rubies/ruby-3.2.0/include/ruby-3.2.0/ruby.h:38:
In file included from /Users/lakhveersinghrajput/.rvm/rubies/ruby-3.2.0/include/ruby-3.2.0/ruby/ruby.h:27:
/Users/lakhveersinghrajput/.rvm/rubies/ruby-3.2.0/include/ruby-3.2.0/ruby/internal/anyargs.h:276:1: warning: [[]] attributes are a C2x extension [-Wc2x-extensions]
/Users/lakhveersinghrajput/.rvm/rubies/ruby-3.2.0/include/ruby-3.2.0/ruby/internal/anyargs.h:253:95: note: expanded from macro 'RBIMPL_ANYARGS_DECL'
  253 | RBIMPL_ANYARGS_ATTRSET(sym) static void sym ## _m2(__VA_ARGS__, VALUE(*)(VALUE, VALUE), int); \
      |                                                                                               ^
/Users/lakhveersinghrajput/.rvm/rubies/ruby-3.2.0/include/ruby-3.2.0/ruby/internal/anyargs.h:249:38: note: expanded from macro '\
RBIMPL_ANYARGS_ATTRSET'
  249 | # define RBIMPL_ANYARGS_ATTRSET(sym) RBIMPL_ATTR_MAYBE_UNUSED() RBIMPL_ATTR_NONNULL(()) RBIMPL_ATTR_WEAKREF(sym)
      |                                      ^
/Users/lakhveersinghrajput/.rvm/rubies/ruby-3.2.0/include/ruby-3.2.0/ruby/internal/attr/maybe_unused.h:31:37: note: expanded from macro 'RBIMPL_ATTR_MAYBE_UNUSED'
   31 | # define RBIMPL_ATTR_MAYBE_UNUSED() [[maybe_unused]]
      |                                     ^
In file included from ed25519_ref10.c:1:
In file included from /Users/lakhveersinghrajput/.rvm/rubies/ruby-3.2.0/include/ruby-3.2.0/ruby.h:38:
In file included from /Users/lakhveersinghrajput/.rvm/rubies/ruby-3.2.0/include/ruby-3.2.0/ruby/ruby.h:27:
/Users/lakhveersinghrajput/.rvm/rubies/ruby-3.2.0/include/ruby-3.2.0/ruby/internal/anyargs.h:276:1: warning: [[]] attributes are a C2x extension [-Wc2x-extensions]
/Users/lakhveersinghrajput/.rvm/rubies/ruby-3.2.0/include/ruby-3.2.0/ruby/internal/anyargs.h:254:169: note: expanded from macro 'RBIMPL_ANYARGS_DECL'
  254 | RBIMPL_ANYARGS_ATTRSET(sym) static void sym ## _m1(__VA_ARGS__, VALUE(*)(int, union { VALUE *x; const VALUE *y; } __attribute__((__transparent_union__)), VALUE), int); \
      |                                                                                                                                                                         ^
/Users/lakhveersinghrajput/.rvm/rubies/ruby-3.2.0/include/ruby-3.2.0/ruby/internal/anyargs.h:249:38: note: expanded from macro '\
RBIMPL_ANYARGS_ATTRSET'
  249 | # define RBIMPL_ANYARGS_ATTRSET(sym) RBIMPL_ATTR_MAYBE_UNUSED() RBIMPL_ATTR_NONNULL(()) RBIMPL_ATTR_WEAKREF(sym)
      |                                      ^
/Users/lakhveersinghrajput/.rvm/rubies/ruby-3.2.0/include/ruby-3.2.0/ruby/internal/attr/maybe_unused.h:31:37: note: expanded from macro 'RBIMPL_ATTR_MAYBE_UNUSED'
   31 | # define RBIMPL_ATTR_MAYBE_UNUSED() [[maybe_unused]]
      |                                     ^
In file included from ed25519_ref10.c:1:
In file included from /Users/lakhveersinghrajput/.rvm/rubies/ruby-3.2.0/include/ruby-3.2.0/ruby.h:38:
In file included from /Users/lakhveersinghrajput/.rvm/rubies/ruby-3.2.0/include/ruby-3.2.0/ruby/ruby.h:27:
/Users/lakhveersinghrajput/.rvm/rubies/ruby-3.2.0/include/ruby-3.2.0/ruby/internal/anyargs.h:276:1: warning: [[]] attributes are a C2x extension [-Wc2x-extensions]
/Users/lakhveersinghrajput/.rvm/rubies/ruby-3.2.0/include/ruby-3.2.0/ruby/internal/anyargs.h:255:88: note: expanded from macro 'RBIMPL_ANYARGS_DECL'
  255 | RBIMPL_ANYARGS_ATTRSET(sym) static void sym ## _00(__VA_ARGS__, VALUE(*)(VALUE), int); \
      |                                                                                        ^
/Users/lakhveersinghrajput/.rvm/rubies/ruby-3.2.0/include/ruby-3.2.0/ruby/internal/anyargs.h:249:38: note: expanded from macro '\
RBIMPL_ANYARGS_ATTRSET'
  249 | # define RBIMPL_ANYARGS_ATTRSET(sym) RBIMPL_ATTR_MAYBE_UNUSED() RBIMPL_ATTR_NONNULL(()) RBIMPL_ATTR_WEAKREF(sym)
      |                                      ^
/Users/lakhveersinghrajput/.rvm/rubies/ruby-3.2.0/include/ruby-3.2.0/ruby/internal/attr/maybe_unused.h:31:37: note: expanded from macro 'RBIMPL_ATTR_MAYBE_UNUSED'
   31 | # define RBIMPL_ATTR_MAYBE_UNUSED() [[maybe_unused]]
      |                                     ^
In file included from ed25519_ref10.c:1:
In file included from /Users/lakhveersinghrajput/.rvm/rubies/ruby-3.2.0/include/ruby-3.2.0/ruby.h:38:
In file included from /Users/lakhveersinghrajput/.rvm/rubies/ruby-3.2.0/include/ruby-3.2.0/ruby/ruby.h:27:
/Users/lakhveersinghrajput/.rvm/rubies/ruby-3.2.0/include/ruby-3.2.0/ruby/internal/anyargs.h:276:1: warning: [[]] attributes are a C2x extension [-Wc2x-extensions]
/Users/lakhveersinghrajput/.rvm/rubies/ruby-3.2.0/include/ruby-3.2.0/ruby/internal/anyargs.h:256:95: note: expanded from macro 'RBIMPL_ANYARGS_DECL'
  256 | RBIMPL_ANYARGS_ATTRSET(sym) static void sym ## _01(__VA_ARGS__, VALUE(*)(VALUE, VALUE), int); \
      |                                                                                               ^
/Users/lakhveersinghrajput/.rvm/rubies/ruby-3.2.0/include/ruby-3.2.0/ruby/internal/anyargs.h:249:38: note: expanded from macro '\
RBIMPL_ANYARGS_ATTRSET'
  249 | # define RBIMPL_ANYARGS_ATTRSET(sym) RBIMPL_ATTR_MAYBE_UNUSED() RBIMPL_ATTR_NONNULL(()) RBIMPL_ATTR_WEAKREF(sym)
      |                                      ^
/Users/lakhveersinghrajput/.rvm/rubies/ruby-3.2.0/include/ruby-3.2.0/ruby/internal/attr/maybe_unused.h:31:37: note: expanded from macro 'RBIMPL_ATTR_MAYBE_UNUSED'
   31 | # define RBIMPL_ATTR_MAYBE_UNUSED() [[maybe_unused]]
      |                                     ^
In file included from ed25519_ref10.c:1:
In file included from /Users/lakhveersinghrajput/.rvm/rubies/ruby-3.2.0/include/ruby-3.2.0/ruby.h:38:
In file included from /Users/lakhveersinghrajput/.rvm/rubies/ruby-3.2.0/include/ruby-3.2.0/ruby/ruby.h:27:
/Users/lakhveersinghrajput/.rvm/rubies/ruby-3.2.0/include/ruby-3.2.0/ruby/internal/anyargs.h:276:1: warning: [[]] attributes are a C2x extension [-Wc2x-extensions]
/Users/lakhveersinghrajput/.rvm/rubies/ruby-3.2.0/include/ruby-3.2.0/ruby/internal/anyargs.h:257:102: note: expanded from macro 'RBIMPL_ANYARGS_DECL'
  257 | RBIMPL_ANYARGS_ATTRSET(sym) static void sym ## _02(__VA_ARGS__, VALUE(*)(VALUE, VALUE, VALUE), int); \
      |                                                                                                      ^
/Users/lakhveersinghrajput/.rvm/rubies/ruby-3.2.0/include/ruby-3.2.0/ruby/internal/anyargs.h:249:38: note: expanded from macro '\
RBIMPL_ANYARGS_ATTRSET'
  249 | # define RBIMPL_ANYARGS_ATTRSET(sym) RBIMPL_ATTR_MAYBE_UNUSED() RBIMPL_ATTR_NONNULL(()) RBIMPL_ATTR_WEAKREF(sym)
      |                                      ^
/Users/lakhveersinghrajput/.rvm/rubies/ruby-3.2.0/include/ruby-3.2.0/ruby/internal/attr/maybe_unused.h:31:37: note: expanded from macro 'RBIMPL_ATTR_MAYBE_UNUSED'
   31 | # define RBIMPL_ATTR_MAYBE_UNUSED() [[maybe_unused]]
      |                                     ^
In file included from ed25519_ref10.c:1:
In file included from /Users/lakhveersinghrajput/.rvm/rubies/ruby-3.2.0/include/ruby-3.2.0/ruby.h:38:
In file included from /Users/lakhveersinghrajput/.rvm/rubies/ruby-3.2.0/include/ruby-3.2.0/ruby/ruby.h:27:
/Users/lakhveersinghrajput/.rvm/rubies/ruby-3.2.0/include/ruby-3.2.0/ruby/internal/anyargs.h:276:1: warning: [[]] attributes are a C2x extension [-Wc2x-extensions]
/Users/lakhveersinghrajput/.rvm/rubies/ruby-3.2.0/include/ruby-3.2.0/ruby/internal/anyargs.h:258:109: note: expanded from macro 'RBIMPL_ANYARGS_DECL'
  258 | RBIMPL_ANYARGS_ATTRSET(sym) static void sym ## _03(__VA_ARGS__, VALUE(*)(VALUE, VALUE, VALUE, VALUE), int); \
      |                                                                                                             ^
/Users/lakhveersinghrajput/.rvm/rubies/ruby-3.2.0/include/ruby-3.2.0/ruby/internal/anyargs.h:249:38: note: expanded from macro '\
RBIMPL_ANYARGS_ATTRSET'
  249 | # define RBIMPL_ANYARGS_ATTRSET(sym) RBIMPL_ATTR_MAYBE_UNUSED() RBIMPL_ATTR_NONNULL(()) RBIMPL_ATTR_WEAKREF(sym)
      |                                      ^
/Users/lakhveersinghrajput/.rvm/rubies/ruby-3.2.0/include/ruby-3.2.0/ruby/internal/attr/maybe_unused.h:31:37: note: expanded from macro 'RBIMPL_ATTR_MAYBE_UNUSED'
   31 | # define RBIMPL_ATTR_MAYBE_UNUSED() [[maybe_unused]]
      |                                     ^
In file included from ed25519_ref10.c:1:
In file included from /Users/lakhveersinghrajput/.rvm/rubies/ruby-3.2.0/include/ruby-3.2.0/ruby.h:38:
In file included from /Users/lakhveersinghrajput/.rvm/rubies/ruby-3.2.0/include/ruby-3.2.0/ruby/ruby.h:27:
/Users/lakhveersinghrajput/.rvm/rubies/ruby-3.2.0/include/ruby-3.2.0/ruby/internal/anyargs.h:276:1: warning: [[]] attributes are a C2x extension [-Wc2x-extensions]
/Users/lakhveersinghrajput/.rvm/rubies/ruby-3.2.0/include/ruby-3.2.0/ruby/internal/anyargs.h:259:116: note: expanded from macro 'RBIMPL_ANYARGS_DECL'
  259 | RBIMPL_ANYARGS_ATTRSET(sym) static void sym ## _04(__VA_ARGS__, VALUE(*)(VALUE, VALUE, VALUE, VALUE, VALUE), int); \
      |                                                                                                                    ^
/Users/lakhveersinghrajput/.rvm/rubies/ruby-3.2.0/include/ruby-3.2.0/ruby/internal/anyargs.h:249:38: note: expanded from macro '\
RBIMPL_ANYARGS_ATTRSET'
  249 | # define RBIMPL_ANYARGS_ATTRSET(sym) RBIMPL_ATTR_MAYBE_UNUSED() RBIMPL_ATTR_NONNULL(()) RBIMPL_ATTR_WEAKREF(sym)
      |                                      ^
/Users/lakhveersinghrajput/.rvm/rubies/ruby-3.2.0/include/ruby-3.2.0/ruby/internal/attr/maybe_unused.h:31:37: note: expanded from macro 'RBIMPL_ATTR_MAYBE_UNUSED'
   31 | # define RBIMPL_ATTR_MAYBE_UNUSED() [[maybe_unused]]
      |                                     ^
In file included from ed25519_ref10.c:1:
In file included from /Users/lakhveersinghrajput/.rvm/rubies/ruby-3.2.0/include/ruby-3.2.0/ruby.h:38:
In file included from /Users/lakhveersinghrajput/.rvm/rubies/ruby-3.2.0/include/ruby-3.2.0/ruby/ruby.h:27:
/Users/lakhveersinghrajput/.rvm/rubies/ruby-3.2.0/include/ruby-3.2.0/ruby/internal/anyargs.h:276:1: warning: [[]] attributes are a C2x extension [-Wc2x-extensions]
/Users/lakhveersinghrajput/.rvm/rubies/ruby-3.2.0/include/ruby-3.2.0/ruby/internal/anyargs.h:260:123: note: expanded from macro 'RBIMPL_ANYARGS_DECL'
  260 | RBIMPL_ANYARGS_ATTRSET(sym) static void sym ## _05(__VA_ARGS__, VALUE(*)(VALUE, VALUE, VALUE, VALUE, VALUE, VALUE), int); \
      |                                                                                                                           ^
/Users/lakhveersinghrajput/.rvm/rubies/ruby-3.2.0/include/ruby-3.2.0/ruby/internal/anyargs.h:249:38: note: expanded from macro '\
RBIMPL_ANYARGS_ATTRSET'
  249 | # define RBIMPL_ANYARGS_ATTRSET(sym) RBIMPL_ATTR_MAYBE_UNUSED() RBIMPL_ATTR_NONNULL(()) RBIMPL_ATTR_WEAKREF(sym)
      |                                      ^
/Users/lakhveersinghrajput/.rvm/rubies/ruby-3.2.0/include/ruby-3.2.0/ruby/internal/attr/maybe_unused.h:31:37: note: expanded from macro 'RBIMPL_ATTR_MAYBE_UNUSED'
   31 | # define RBIMPL_ATTR_MAYBE_UNUSED() [[maybe_unused]]
      |                                     ^
In file included from ed25519_ref10.c:1:
In file included from /Users/lakhveersinghrajput/.rvm/rubies/ruby-3.2.0/include/ruby-3.2.0/ruby.h:38:
In file included from /Users/lakhveersinghrajput/.rvm/rubies/ruby-3.2.0/include/ruby-3.2.0/ruby/ruby.h:27:
/Users/lakhveersinghrajput/.rvm/rubies/ruby-3.2.0/include/ruby-3.2.0/ruby/internal/anyargs.h:276:1: warning: [[]] attributes are a C2x extension [-Wc2x-extensions]
/Users/lakhveersinghrajput/.rvm/rubies/ruby-3.2.0/include/ruby-3.2.0/ruby/internal/anyargs.h:261:130: note: expanded from macro 'RBIMPL_ANYARGS_DECL'
  261 | RBIMPL_ANYARGS_ATTRSET(sym) static void sym ## _06(__VA_ARGS__, VALUE(*)(VALUE, VALUE, VALUE, VALUE, VALUE, VALUE, VALUE), int); \
      |                                                                                                                                  ^
/Users/lakhveersinghrajput/.rvm/rubies/ruby-3.2.0/include/ruby-3.2.0/ruby/internal/anyargs.h:249:38: note: expanded from macro '\
RBIMPL_ANYARGS_ATTRSET'
  249 | # define RBIMPL_ANYARGS_ATTRSET(sym) RBIMPL_ATTR_MAYBE_UNUSED() RBIMPL_ATTR_NONNULL(()) RBIMPL_ATTR_WEAKREF(sym)
      |                                      ^
/Users/lakhveersinghrajput/.rvm/rubies/ruby-3.2.0/include/ruby-3.2.0/ruby/internal/attr/maybe_unused.h:31:37: note: expanded from macro 'RBIMPL_ATTR_MAYBE_UNUSED'
   31 | # define RBIMPL_ATTR_MAYBE_UNUSED() [[maybe_unused]]
      |                                     ^
In file included from ed25519_ref10.c:1:
In file included from /Users/lakhveersinghrajput/.rvm/rubies/ruby-3.2.0/include/ruby-3.2.0/ruby.h:38:
In file included from /Users/lakhveersinghrajput/.rvm/rubies/ruby-3.2.0/include/ruby-3.2.0/ruby/ruby.h:27:
/Users/lakhveersinghrajput/.rvm/rubies/ruby-3.2.0/include/ruby-3.2.0/ruby/internal/anyargs.h:276:1: warning: [[]] attributes are a C2x extension [-Wc2x-extensions]
/Users/lakhveersinghrajput/.rvm/rubies/ruby-3.2.0/include/ruby-3.2.0/ruby/internal/anyargs.h:262:137: note: expanded from macro 'RBIMPL_ANYARGS_DECL'
  262 | RBIMPL_ANYARGS_ATTRSET(sym) static void sym ## _07(__VA_ARGS__, VALUE(*)(VALUE, VALUE, VALUE, VALUE, VALUE, VALUE, VALUE, VALUE), int); \
      |                                                                                                                                         ^
/Users/lakhveersinghrajput/.rvm/rubies/ruby-3.2.0/include/ruby-3.2.0/ruby/internal/anyargs.h:249:38: note: expanded from macro '\
RBIMPL_ANYARGS_ATTRSET'
  249 | # define RBIMPL_ANYARGS_ATTRSET(sym) RBIMPL_ATTR_MAYBE_UNUSED() RBIMPL_ATTR_NONNULL(()) RBIMPL_ATTR_WEAKREF(sym)
      |                                      ^
/Users/lakhveersinghrajput/.rvm/rubies/ruby-3.2.0/include/ruby-3.2.0/ruby/internal/attr/maybe_unused.h:31:37: note: expanded from macro 'RBIMPL_ATTR_MAYBE_UNUSED'
   31 | # define RBIMPL_ATTR_MAYBE_UNUSED() [[maybe_unused]]
      |                                     ^
In file included from ed25519_ref10.c:1:
In file included from /Users/lakhveersinghrajput/.rvm/rubies/ruby-3.2.0/include/ruby-3.2.0/ruby.h:38:
In file included from /Users/lakhveersinghrajput/.rvm/rubies/ruby-3.2.0/include/ruby-3.2.0/ruby/ruby.h:27:
/Users/lakhveersinghrajput/.rvm/rubies/ruby-3.2.0/include/ruby-3.2.0/ruby/internal/anyargs.h:276:1: warning: [[]] attributes are a C2x extension [-Wc2x-extensions]
/Users/lakhveersinghrajput/.rvm/rubies/ruby-3.2.0/include/ruby-3.2.0/ruby/internal/anyargs.h:263:144: note: expanded from macro 'RBIMPL_ANYARGS_DECL'
  263 | RBIMPL_ANYARGS_ATTRSET(sym) static void sym ## _08(__VA_ARGS__, VALUE(*)(VALUE, VALUE, VALUE, VALUE, VALUE, VALUE, VALUE, VALUE, VALUE), int); \
      |                                                                                                                                                ^
/Users/lakhveersinghrajput/.rvm/rubies/ruby-3.2.0/include/ruby-3.2.0/ruby/internal/anyargs.h:249:38: note: expanded from macro '\
RBIMPL_ANYARGS_ATTRSET'
  249 | # define RBIMPL_ANYARGS_ATTRSET(sym) RBIMPL_ATTR_MAYBE_UNUSED() RBIMPL_ATTR_NONNULL(()) RBIMPL_ATTR_WEAKREF(sym)
      |                                      ^
/Users/lakhveersinghrajput/.rvm/rubies/ruby-3.2.0/include/ruby-3.2.0/ruby/internal/attr/maybe_unused.h:31:37: note: expanded from macro 'RBIMPL_ATTR_MAYBE_UNUSED'
   31 | # define RBIMPL_ATTR_MAYBE_UNUSED() [[maybe_unused]]
      |                                     ^
In file included from ed25519_ref10.c:1:
In file included from /Users/lakhveersinghrajput/.rvm/rubies/ruby-3.2.0/include/ruby-3.2.0/ruby.h:38:
In file included from /Users/lakhveersinghrajput/.rvm/rubies/ruby-3.2.0/include/ruby-3.2.0/ruby/ruby.h:27:
/Users/lakhveersinghrajput/.rvm/rubies/ruby-3.2.0/include/ruby-3.2.0/ruby/internal/anyargs.h:276:1: warning: [[]] attributes are a C2x extension [-Wc2x-extensions]
/Users/lakhveersinghrajput/.rvm/rubies/ruby-3.2.0/include/ruby-3.2.0/ruby/internal/anyargs.h:264:151: note: expanded from macro 'RBIMPL_ANYARGS_DECL'
  264 | RBIMPL_ANYARGS_ATTRSET(sym) static void sym ## _09(__VA_ARGS__, VALUE(*)(VALUE, VALUE, VALUE, VALUE, VALUE, VALUE, VALUE, VALUE, VALUE, VALUE), int); \
      |                                                                                                                                                       ^
/Users/lakhveersinghrajput/.rvm/rubies/ruby-3.2.0/include/ruby-3.2.0/ruby/internal/anyargs.h:249:38: note: expanded from macro '\
RBIMPL_ANYARGS_ATTRSET'
  249 | # define RBIMPL_ANYARGS_ATTRSET(sym) RBIMPL_ATTR_MAYBE_UNUSED() RBIMPL_ATTR_NONNULL(()) RBIMPL_ATTR_WEAKREF(sym)
      |                                      ^
/Users/lakhveersinghrajput/.rvm/rubies/ruby-3.2.0/include/ruby-3.2.0/ruby/internal/attr/maybe_unused.h:31:37: note: expanded from macro 'RBIMPL_ATTR_MAYBE_UNUSED'
   31 | # define RBIMPL_ATTR_MAYBE_UNUSED() [[maybe_unused]]
      |                                     ^
In file included from ed25519_ref10.c:1:
In file included from /Users/lakhveersinghrajput/.rvm/rubies/ruby-3.2.0/include/ruby-3.2.0/ruby.h:38:
In file included from /Users/lakhveersinghrajput/.rvm/rubies/ruby-3.2.0/include/ruby-3.2.0/ruby/ruby.h:27:
/Users/lakhveersinghrajput/.rvm/rubies/ruby-3.2.0/include/ruby-3.2.0/ruby/internal/anyargs.h:276:1: warning: [[]] attributes are a C2x extension [-Wc2x-extensions]
/Users/lakhveersinghrajput/.rvm/rubies/ruby-3.2.0/include/ruby-3.2.0/ruby/internal/anyargs.h:265:158: note: expanded from macro 'RBIMPL_ANYARGS_DECL'
  265 | RBIMPL_ANYARGS_ATTRSET(sym) static void sym ## _10(__VA_ARGS__, VALUE(*)(VALUE, VALUE, VALUE, VALUE, VALUE, VALUE, VALUE, VALUE, VALUE, VALUE, VALUE), int); \
      |                                                                                                                                                              ^
/Users/lakhveersinghrajput/.rvm/rubies/ruby-3.2.0/include/ruby-3.2.0/ruby/internal/anyargs.h:249:38: note: expanded from macro '\
RBIMPL_ANYARGS_ATTRSET'
  249 | # define RBIMPL_ANYARGS_ATTRSET(sym) RBIMPL_ATTR_MAYBE_UNUSED() RBIMPL_ATTR_NONNULL(()) RBIMPL_ATTR_WEAKREF(sym)
      |                                      ^
/Users/lakhveersinghrajput/.rvm/rubies/ruby-3.2.0/include/ruby-3.2.0/ruby/internal/attr/maybe_unused.h:31:37: note: expanded from macro 'RBIMPL_ATTR_MAYBE_UNUSED'
   31 | # define RBIMPL_ATTR_MAYBE_UNUSED() [[maybe_unused]]
      |                                     ^
In file included from ed25519_ref10.c:1:
In file included from /Users/lakhveersinghrajput/.rvm/rubies/ruby-3.2.0/include/ruby-3.2.0/ruby.h:38:
In file included from /Users/lakhveersinghrajput/.rvm/rubies/ruby-3.2.0/include/ruby-3.2.0/ruby/ruby.h:27:
/Users/lakhveersinghrajput/.rvm/rubies/ruby-3.2.0/include/ruby-3.2.0/ruby/internal/anyargs.h:276:1: warning: [[]] attributes are a C2x extension [-Wc2x-extensions]
/Users/lakhveersinghrajput/.rvm/rubies/ruby-3.2.0/include/ruby-3.2.0/ruby/internal/anyargs.h:266:165: note: expanded from macro 'RBIMPL_ANYARGS_DECL'
  266 | RBIMPL_ANYARGS_ATTRSET(sym) static void sym ## _11(__VA_ARGS__, VALUE(*)(VALUE, VALUE, VALUE, VALUE, VALUE, VALUE, VALUE, VALUE, VALUE, VALUE, VALUE, VALUE), int); \
      |                                                                                                                                                                     ^
/Users/lakhveersinghrajput/.rvm/rubies/ruby-3.2.0/include/ruby-3.2.0/ruby/internal/anyargs.h:249:38: note: expanded from macro '\
RBIMPL_ANYARGS_ATTRSET'
  249 | # define RBIMPL_ANYARGS_ATTRSET(sym) RBIMPL_ATTR_MAYBE_UNUSED() RBIMPL_ATTR_NONNULL(()) RBIMPL_ATTR_WEAKREF(sym)
      |                                      ^
/Users/lakhveersinghrajput/.rvm/rubies/ruby-3.2.0/include/ruby-3.2.0/ruby/internal/attr/maybe_unused.h:31:37: note: expanded from macro 'RBIMPL_ATTR_MAYBE_UNUSED'
   31 | # define RBIMPL_ATTR_MAYBE_UNUSED() [[maybe_unused]]
      |                                     ^
In file included from ed25519_ref10.c:1:
In file included from /Users/lakhveersinghrajput/.rvm/rubies/ruby-3.2.0/include/ruby-3.2.0/ruby.h:38:
In file included from /Users/lakhveersinghrajput/.rvm/rubies/ruby-3.2.0/include/ruby-3.2.0/ruby/ruby.h:27:
/Users/lakhveersinghrajput/.rvm/rubies/ruby-3.2.0/include/ruby-3.2.0/ruby/internal/anyargs.h:276:1: warning: [[]] attributes are a C2x extension [-Wc2x-extensions]
/Users/lakhveersinghrajput/.rvm/rubies/ruby-3.2.0/include/ruby-3.2.0/ruby/internal/anyargs.h:267:172: note: expanded from macro 'RBIMPL_ANYARGS_DECL'
  267 | RBIMPL_ANYARGS_ATTRSET(sym) static void sym ## _12(__VA_ARGS__, VALUE(*)(VALUE, VALUE, VALUE, VALUE, VALUE, VALUE, VALUE, VALUE, VALUE, VALUE, VALUE, VALUE, VALUE), int); \
      |                                                                                                                                                                            ^
/Users/lakhveersinghrajput/.rvm/rubies/ruby-3.2.0/include/ruby-3.2.0/ruby/internal/anyargs.h:249:38: note: expanded from macro '\
RBIMPL_ANYARGS_ATTRSET'
  249 | # define RBIMPL_ANYARGS_ATTRSET(sym) RBIMPL_ATTR_MAYBE_UNUSED() RBIMPL_ATTR_NONNULL(()) RBIMPL_ATTR_WEAKREF(sym)
      |                                      ^
/Users/lakhveersinghrajput/.rvm/rubies/ruby-3.2.0/include/ruby-3.2.0/ruby/internal/attr/maybe_unused.h:31:37: note: expanded from macro 'RBIMPL_ATTR_MAYBE_UNUSED'
   31 | # define RBIMPL_ATTR_MAYBE_UNUSED() [[maybe_unused]]
      |                                     ^
In file included from ed25519_ref10.c:1:
In file included from /Users/lakhveersinghrajput/.rvm/rubies/ruby-3.2.0/include/ruby-3.2.0/ruby.h:38:
In file included from /Users/lakhveersinghrajput/.rvm/rubies/ruby-3.2.0/include/ruby-3.2.0/ruby/ruby.h:27:
/Users/lakhveersinghrajput/.rvm/rubies/ruby-3.2.0/include/ruby-3.2.0/ruby/internal/anyargs.h:276:1: warning: [[]] attributes are a C2x extension [-Wc2x-extensions]
/Users/lakhveersinghrajput/.rvm/rubies/ruby-3.2.0/include/ruby-3.2.0/ruby/internal/anyargs.h:268:179: note: expanded from macro 'RBIMPL_ANYARGS_DECL'
  268 | RBIMPL_ANYARGS_ATTRSET(sym) static void sym ## _13(__VA_ARGS__, VALUE(*)(VALUE, VALUE, VALUE, VALUE, VALUE, VALUE, VALUE, VALUE, VALUE, VALUE, VALUE, VALUE, VALUE, VALUE), int); \
      |                                                                                                                                                                                   ^
/Users/lakhveersinghrajput/.rvm/rubies/ruby-3.2.0/include/ruby-3.2.0/ruby/internal/anyargs.h:249:38: note: expanded from macro '\
RBIMPL_ANYARGS_ATTRSET'
  249 | # define RBIMPL_ANYARGS_ATTRSET(sym) RBIMPL_ATTR_MAYBE_UNUSED() RBIMPL_ATTR_NONNULL(()) RBIMPL_ATTR_WEAKREF(sym)
      |                                      ^
/Users/lakhveersinghrajput/.rvm/rubies/ruby-3.2.0/include/ruby-3.2.0/ruby/internal/attr/maybe_unused.h:31:37: note: expanded from macro 'RBIMPL_ATTR_MAYBE_UNUSED'
   31 | # define RBIMPL_ATTR_MAYBE_UNUSED() [[maybe_unused]]
      |                                     ^
In file included from ed25519_ref10.c:1:
In file included from /Users/lakhveersinghrajput/.rvm/rubies/ruby-3.2.0/include/ruby-3.2.0/ruby.h:38:
In file included from /Users/lakhveersinghrajput/.rvm/rubies/ruby-3.2.0/include/ruby-3.2.0/ruby/ruby.h:27:
/Users/lakhveersinghrajput/.rvm/rubies/ruby-3.2.0/include/ruby-3.2.0/ruby/internal/anyargs.h:276:1: warning: [[]] attributes are a C2x extension [-Wc2x-extensions]
/Users/lakhveersinghrajput/.rvm/rubies/ruby-3.2.0/include/ruby-3.2.0/ruby/internal/anyargs.h:269:186: note: expanded from macro 'RBIMPL_ANYARGS_DECL'
  269 | RBIMPL_ANYARGS_ATTRSET(sym) static void sym ## _14(__VA_ARGS__, VALUE(*)(VALUE, VALUE, VALUE, VALUE, VALUE, VALUE, VALUE, VALUE, VALUE, VALUE, VALUE, VALUE, VALUE, VALUE, VALUE), int); \
      |                                                                                                                                                                                          ^
/Users/lakhveersinghrajput/.rvm/rubies/ruby-3.2.0/include/ruby-3.2.0/ruby/internal/anyargs.h:249:38: note: expanded from macro '\
RBIMPL_ANYARGS_ATTRSET'
  249 | # define RBIMPL_ANYARGS_ATTRSET(sym) RBIMPL_ATTR_MAYBE_UNUSED() RBIMPL_ATTR_NONNULL(()) RBIMPL_ATTR_WEAKREF(sym)
      |                                      ^
/Users/lakhveersinghrajput/.rvm/rubies/ruby-3.2.0/include/ruby-3.2.0/ruby/internal/attr/maybe_unused.h:31:37: note: expanded from macro 'RBIMPL_ATTR_MAYBE_UNUSED'
   31 | # define RBIMPL_ATTR_MAYBE_UNUSED() [[maybe_unused]]
      |                                     ^
In file included from ed25519_ref10.c:1:
In file included from /Users/lakhveersinghrajput/.rvm/rubies/ruby-3.2.0/include/ruby-3.2.0/ruby.h:38:
In file included from /Users/lakhveersinghrajput/.rvm/rubies/ruby-3.2.0/include/ruby-3.2.0/ruby/ruby.h:27:
/Users/lakhveersinghrajput/.rvm/rubies/ruby-3.2.0/include/ruby-3.2.0/ruby/internal/anyargs.h:277:1: warning: [[]] attributes are a C2x extension [-Wc2x-extensions]
  277 | RBIMPL_ANYARGS_DECL(rb_define_method, VALUE, const char *)
      | ^
/Users/lakhveersinghrajput/.rvm/rubies/ruby-3.2.0/include/ruby-3.2.0/ruby/internal/anyargs.h:250:40: note: expanded from macro 'RBIMPL_ANYARGS_DECL'
  250 | # define RBIMPL_ANYARGS_DECL(sym, ...) \
      |                                        ^
/Users/lakhveersinghrajput/.rvm/rubies/ruby-3.2.0/include/ruby-3.2.0/ruby/internal/anyargs.h:249:38: note: expanded from macro '\
RBIMPL_ANYARGS_ATTRSET'
  249 | # define RBIMPL_ANYARGS_ATTRSET(sym) RBIMPL_ATTR_MAYBE_UNUSED() RBIMPL_ATTR_NONNULL(()) RBIMPL_ATTR_WEAKREF(sym)
      |                                      ^
/Users/lakhveersinghrajput/.rvm/rubies/ruby-3.2.0/include/ruby-3.2.0/ruby/internal/attr/maybe_unused.h:31:37: note: expanded from macro 'RBIMPL_ATTR_MAYBE_UNUSED'
   31 | # define RBIMPL_ATTR_MAYBE_UNUSED() [[maybe_unused]]
      |                                     ^
In file included from ed25519_ref10.c:1:
In file included from /Users/lakhveersinghrajput/.rvm/rubies/ruby-3.2.0/include/ruby-3.2.0/ruby.h:38:
In file included from /Users/lakhveersinghrajput/.rvm/rubies/ruby-3.2.0/include/ruby-3.2.0/ruby/ruby.h:27:
/Users/lakhveersinghrajput/.rvm/rubies/ruby-3.2.0/include/ruby-3.2.0/ruby/internal/anyargs.h:277:1: warning: [[]] attributes are a C2x extension [-Wc2x-extensions]
/Users/lakhveersinghrajput/.rvm/rubies/ruby-3.2.0/include/ruby-3.2.0/ruby/internal/anyargs.h:251:120: note: expanded from macro 'RBIMPL_ANYARGS_DECL'
  251 | RBIMPL_ANYARGS_ATTRSET(sym) static void sym ## _notimpl(__VA_ARGS__, VALUE(*)(int, const VALUE *, VALUE, VALUE), int); \
      |                                                                                                                        ^
/Users/lakhveersinghrajput/.rvm/rubies/ruby-3.2.0/include/ruby-3.2.0/ruby/internal/anyargs.h:249:38: note: expanded from macro '\
RBIMPL_ANYARGS_ATTRSET'
  249 | # define RBIMPL_ANYARGS_ATTRSET(sym) RBIMPL_ATTR_MAYBE_UNUSED() RBIMPL_ATTR_NONNULL(()) RBIMPL_ATTR_WEAKREF(sym)
      |                                      ^
/Users/lakhveersinghrajput/.rvm/rubies/ruby-3.2.0/include/ruby-3.2.0/ruby/internal/attr/maybe_unused.h:31:37: note: expanded from macro 'RBIMPL_ATTR_MAYBE_UNUSED'
   31 | # define RBIMPL_ATTR_MAYBE_UNUSED() [[maybe_unused]]
      |                                     ^
In file included from ed25519_ref10.c:1:
In file included from /Users/lakhveersinghrajput/.rvm/rubies/ruby-3.2.0/include/ruby-3.2.0/ruby.h:38:
In file included from /Users/lakhveersinghrajput/.rvm/rubies/ruby-3.2.0/include/ruby-3.2.0/ruby/ruby.h:27:
/Users/lakhveersinghrajput/.rvm/rubies/ruby-3.2.0/include/ruby-3.2.0/ruby/internal/anyargs.h:277:1: warning: a function declaration without a prototype is deprecated in all versions of C [-Wstrict-prototypes]
/Users/lakhveersinghrajput/.rvm/rubies/ruby-3.2.0/include/ruby-3.2.0/ruby/internal/anyargs.h:252:73: note: expanded from macro 'RBIMPL_ANYARGS_DECL'
  252 | RBIMPL_ANYARGS_ATTRSET(sym) static void sym ## _m3(__VA_ARGS__, VALUE(*)(ANYARGS), int); \
      |                                                                         ^
/Users/lakhveersinghrajput/.rvm/rubies/ruby-3.2.0/include/ruby-3.2.0/ruby/internal/anyargs.h:277:1: warning: [[]] attributes are a C2x extension [-Wc2x-extensions]
/Users/lakhveersinghrajput/.rvm/rubies/ruby-3.2.0/include/ruby-3.2.0/ruby/internal/anyargs.h:252:90: note: expanded from macro 'RBIMPL_ANYARGS_DECL'
  252 | RBIMPL_ANYARGS_ATTRSET(sym) static void sym ## _m3(__VA_ARGS__, VALUE(*)(ANYARGS), int); \
      |                                                                                          ^
/Users/lakhveersinghrajput/.rvm/rubies/ruby-3.2.0/include/ruby-3.2.0/ruby/internal/anyargs.h:249:38: note: expanded from macro '\
RBIMPL_ANYARGS_ATTRSET'
  249 | # define RBIMPL_ANYARGS_ATTRSET(sym) RBIMPL_ATTR_MAYBE_UNUSED() RBIMPL_ATTR_NONNULL(()) RBIMPL_ATTR_WEAKREF(sym)
      |                                      ^
/Users/lakhveersinghrajput/.rvm/rubies/ruby-3.2.0/include/ruby-3.2.0/ruby/internal/attr/maybe_unused.h:31:37: note: expanded from macro 'RBIMPL_ATTR_MAYBE_UNUSED'
   31 | # define RBIMPL_ATTR_MAYBE_UNUSED() [[maybe_unused]]
      |                                     ^
In file included from ed25519_ref10.c:1:
In file included from /Users/lakhveersinghrajput/.rvm/rubies/ruby-3.2.0/include/ruby-3.2.0/ruby.h:38:
In file included from /Users/lakhveersinghrajput/.rvm/rubies/ruby-3.2.0/include/ruby-3.2.0/ruby/ruby.h:27:
/Users/lakhveersinghrajput/.rvm/rubies/ruby-3.2.0/include/ruby-3.2.0/ruby/internal/anyargs.h:277:1: warning: [[]] attributes are a C2x extension [-Wc2x-extensions]
/Users/lakhveersinghrajput/.rvm/rubies/ruby-3.2.0/include/ruby-3.2.0/ruby/internal/anyargs.h:253:95: note: expanded from macro 'RBIMPL_ANYARGS_DECL'
  253 | RBIMPL_ANYARGS_ATTRSET(sym) static void sym ## _m2(__VA_ARGS__, VALUE(*)(VALUE, VALUE), int); \
      |                                                                                               ^
/Users/lakhveersinghrajput/.rvm/rubies/ruby-3.2.0/include/ruby-3.2.0/ruby/internal/anyargs.h:249:38: note: expanded from macro '\
RBIMPL_ANYARGS_ATTRSET'
  249 | # define RBIMPL_ANYARGS_ATTRSET(sym) RBIMPL_ATTR_MAYBE_UNUSED() RBIMPL_ATTR_NONNULL(()) RBIMPL_ATTR_WEAKREF(sym)
      |                                      ^
/Users/lakhveersinghrajput/.rvm/rubies/ruby-3.2.0/include/ruby-3.2.0/ruby/internal/attr/maybe_unused.h:31:37: note: expanded from macro 'RBIMPL_ATTR_MAYBE_UNUSED'
   31 | # define RBIMPL_ATTR_MAYBE_UNUSED() [[maybe_unused]]
      |                                     ^
In file included from ed25519_ref10.c:1:
In file included from /Users/lakhveersinghrajput/.rvm/rubies/ruby-3.2.0/include/ruby-3.2.0/ruby.h:38:
In file included from /Users/lakhveersinghrajput/.rvm/rubies/ruby-3.2.0/include/ruby-3.2.0/ruby/ruby.h:27:
/Users/lakhveersinghrajput/.rvm/rubies/ruby-3.2.0/include/ruby-3.2.0/ruby/internal/anyargs.h:277:1: warning: [[]] attributes are a C2x extension [-Wc2x-extensions]
/Users/lakhveersinghrajput/.rvm/rubies/ruby-3.2.0/include/ruby-3.2.0/ruby/internal/anyargs.h:254:169: note: expanded from macro 'RBIMPL_ANYARGS_DECL'
  254 | RBIMPL_ANYARGS_ATTRSET(sym) static void sym ## _m1(__VA_ARGS__, VALUE(*)(int, union { VALUE *x; const VALUE *y; } __attribute__((__transparent_union__)), VALUE), int); \
      |                                                                                                                                                                         ^
/Users/lakhveersinghrajput/.rvm/rubies/ruby-3.2.0/include/ruby-3.2.0/ruby/internal/anyargs.h:249:38: note: expanded from macro '\
RBIMPL_ANYARGS_ATTRSET'
  249 | # define RBIMPL_ANYARGS_ATTRSET(sym) RBIMPL_ATTR_MAYBE_UNUSED() RBIMPL_ATTR_NONNULL(()) RBIMPL_ATTR_WEAKREF(sym)
      |                                      ^
/Users/lakhveersinghrajput/.rvm/rubies/ruby-3.2.0/include/ruby-3.2.0/ruby/internal/attr/maybe_unused.h:31:37: note: expanded from macro 'RBIMPL_ATTR_MAYBE_UNUSED'
   31 | # define RBIMPL_ATTR_MAYBE_UNUSED() [[maybe_unused]]
      |                                     ^
In file included from ed25519_ref10.c:1:
In file included from /Users/lakhveersinghrajput/.rvm/rubies/ruby-3.2.0/include/ruby-3.2.0/ruby.h:38:
In file included from /Users/lakhveersinghrajput/.rvm/rubies/ruby-3.2.0/include/ruby-3.2.0/ruby/ruby.h:27:
/Users/lakhveersinghrajput/.rvm/rubies/ruby-3.2.0/include/ruby-3.2.0/ruby/internal/anyargs.h:277:1: warning: [[]] attributes are a C2x extension [-Wc2x-extensions]
/Users/lakhveersinghrajput/.rvm/rubies/ruby-3.2.0/include/ruby-3.2.0/ruby/internal/anyargs.h:255:88: note: expanded from macro 'RBIMPL_ANYARGS_DECL'
  255 | RBIMPL_ANYARGS_ATTRSET(sym) static void sym ## _00(__VA_ARGS__, VALUE(*)(VALUE), int); \
      |                                                                                        ^
/Users/lakhveersinghrajput/.rvm/rubies/ruby-3.2.0/include/ruby-3.2.0/ruby/internal/anyargs.h:249:38: note: expanded from macro '\
RBIMPL_ANYARGS_ATTRSET'
  249 | # define RBIMPL_ANYARGS_ATTRSET(sym) RBIMPL_ATTR_MAYBE_UNUSED() RBIMPL_ATTR_NONNULL(()) RBIMPL_ATTR_WEAKREF(sym)
      |                                      ^
/Users/lakhveersinghrajput/.rvm/rubies/ruby-3.2.0/include/ruby-3.2.0/ruby/internal/attr/maybe_unused.h:31:37: note: expanded from macro 'RBIMPL_ATTR_MAYBE_UNUSED'
   31 | # define RBIMPL_ATTR_MAYBE_UNUSED() [[maybe_unused]]
      |                                     ^
In file included from ed25519_ref10.c:1:
In file included from /Users/lakhveersinghrajput/.rvm/rubies/ruby-3.2.0/include/ruby-3.2.0/ruby.h:38:
In file included from /Users/lakhveersinghrajput/.rvm/rubies/ruby-3.2.0/include/ruby-3.2.0/ruby/ruby.h:27:
/Users/lakhveersinghrajput/.rvm/rubies/ruby-3.2.0/include/ruby-3.2.0/ruby/internal/anyargs.h:277:1: warning: [[]] attributes are a C2x extension [-Wc2x-extensions]
/Users/lakhveersinghrajput/.rvm/rubies/ruby-3.2.0/include/ruby-3.2.0/ruby/internal/anyargs.h:256:95: note: expanded from macro 'RBIMPL_ANYARGS_DECL'
  256 | RBIMPL_ANYARGS_ATTRSET(sym) static void sym ## _01(__VA_ARGS__, VALUE(*)(VALUE, VALUE), int); \
      |                                                                                               ^
/Users/lakhveersinghrajput/.rvm/rubies/ruby-3.2.0/include/ruby-3.2.0/ruby/internal/anyargs.h:249:38: note: expanded from macro '\
RBIMPL_ANYARGS_ATTRSET'
  249 | # define RBIMPL_ANYARGS_ATTRSET(sym) RBIMPL_ATTR_MAYBE_UNUSED() RBIMPL_ATTR_NONNULL(()) RBIMPL_ATTR_WEAKREF(sym)
      |                                      ^
/Users/lakhveersinghrajput/.rvm/rubies/ruby-3.2.0/include/ruby-3.2.0/ruby/internal/attr/maybe_unused.h:31:37: note: expanded from macro 'RBIMPL_ATTR_MAYBE_UNUSED'
   31 | # define RBIMPL_ATTR_MAYBE_UNUSED() [[maybe_unused]]
      |                                     ^
In file included from ed25519_ref10.c:1:
In file included from /Users/lakhveersinghrajput/.rvm/rubies/ruby-3.2.0/include/ruby-3.2.0/ruby.h:38:
In file included from /Users/lakhveersinghrajput/.rvm/rubies/ruby-3.2.0/include/ruby-3.2.0/ruby/ruby.h:27:
/Users/lakhveersinghrajput/.rvm/rubies/ruby-3.2.0/include/ruby-3.2.0/ruby/internal/anyargs.h:277:1: warning: [[]] attributes are a C2x extension [-Wc2x-extensions]
/Users/lakhveersinghrajput/.rvm/rubies/ruby-3.2.0/include/ruby-3.2.0/ruby/internal/anyargs.h:257:102: note: expanded from macro 'RBIMPL_ANYARGS_DECL'
  257 | RBIMPL_ANYARGS_ATTRSET(sym) static void sym ## _02(__VA_ARGS__, VALUE(*)(VALUE, VALUE, VALUE), int); \
      |                                                                                                      ^
/Users/lakhveersinghrajput/.rvm/rubies/ruby-3.2.0/include/ruby-3.2.0/ruby/internal/anyargs.h:249:38: note: expanded from macro '\
RBIMPL_ANYARGS_ATTRSET'
  249 | # define RBIMPL_ANYARGS_ATTRSET(sym) RBIMPL_ATTR_MAYBE_UNUSED() RBIMPL_ATTR_NONNULL(()) RBIMPL_ATTR_WEAKREF(sym)
      |                                      ^
/Users/lakhveersinghrajput/.rvm/rubies/ruby-3.2.0/include/ruby-3.2.0/ruby/internal/attr/maybe_unused.h:31:37: note: expanded from macro 'RBIMPL_ATTR_MAYBE_UNUSED'
   31 | # define RBIMPL_ATTR_MAYBE_UNUSED() [[maybe_unused]]
      |                                     ^
In file included from ed25519_ref10.c:1:
In file included from /Users/lakhveersinghrajput/.rvm/rubies/ruby-3.2.0/include/ruby-3.2.0/ruby.h:38:
In file included from /Users/lakhveersinghrajput/.rvm/rubies/ruby-3.2.0/include/ruby-3.2.0/ruby/ruby.h:27:
/Users/lakhveersinghrajput/.rvm/rubies/ruby-3.2.0/include/ruby-3.2.0/ruby/internal/anyargs.h:277:1: warning: [[]] attributes are a C2x extension [-Wc2x-extensions]
/Users/lakhveersinghrajput/.rvm/rubies/ruby-3.2.0/include/ruby-3.2.0/ruby/internal/anyargs.h:258:109: note: expanded from macro 'RBIMPL_ANYARGS_DECL'
  258 | RBIMPL_ANYARGS_ATTRSET(sym) static void sym ## _03(__VA_ARGS__, VALUE(*)(VALUE, VALUE, VALUE, VALUE), int); \
      |                                                                                                             ^
/Users/lakhveersinghrajput/.rvm/rubies/ruby-3.2.0/include/ruby-3.2.0/ruby/internal/anyargs.h:249:38: note: expanded from macro '\
RBIMPL_ANYARGS_ATTRSET'
  249 | # define RBIMPL_ANYARGS_ATTRSET(sym) RBIMPL_ATTR_MAYBE_UNUSED() RBIMPL_ATTR_NONNULL(()) RBIMPL_ATTR_WEAKREF(sym)
      |                                      ^
/Users/lakhveersinghrajput/.rvm/rubies/ruby-3.2.0/include/ruby-3.2.0/ruby/internal/attr/maybe_unused.h:31:37: note: expanded from macro 'RBIMPL_ATTR_MAYBE_UNUSED'
   31 | # define RBIMPL_ATTR_MAYBE_UNUSED() [[maybe_unused]]
      |                                     ^
In file included from ed25519_ref10.c:1:
In file included from /Users/lakhveersinghrajput/.rvm/rubies/ruby-3.2.0/include/ruby-3.2.0/ruby.h:38:
In file included from /Users/lakhveersinghrajput/.rvm/rubies/ruby-3.2.0/include/ruby-3.2.0/ruby/ruby.h:27:
/Users/lakhveersinghrajput/.rvm/rubies/ruby-3.2.0/include/ruby-3.2.0/ruby/internal/anyargs.h:277:1: warning: [[]] attributes are a C2x extension [-Wc2x-extensions]
/Users/lakhveersinghrajput/.rvm/rubies/ruby-3.2.0/include/ruby-3.2.0/ruby/internal/anyargs.h:259:116: note: expanded from macro 'RBIMPL_ANYARGS_DECL'
  259 | RBIMPL_ANYARGS_ATTRSET(sym) static void sym ## _04(__VA_ARGS__, VALUE(*)(VALUE, VALUE, VALUE, VALUE, VALUE), int); \
      |                                                                                                                    ^
/Users/lakhveersinghrajput/.rvm/rubies/ruby-3.2.0/include/ruby-3.2.0/ruby/internal/anyargs.h:249:38: note: expanded from macro '\
RBIMPL_ANYARGS_ATTRSET'
  249 | # define RBIMPL_ANYARGS_ATTRSET(sym) RBIMPL_ATTR_MAYBE_UNUSED() RBIMPL_ATTR_NONNULL(()) RBIMPL_ATTR_WEAKREF(sym)
      |                                      ^
/Users/lakhveersinghrajput/.rvm/rubies/ruby-3.2.0/include/ruby-3.2.0/ruby/internal/attr/maybe_unused.h:31:37: note: expanded from macro 'RBIMPL_ATTR_MAYBE_UNUSED'
   31 | # define RBIMPL_ATTR_MAYBE_UNUSED() [[maybe_unused]]
      |                                     ^
In file included from ed25519_ref10.c:1:
In file included from /Users/lakhveersinghrajput/.rvm/rubies/ruby-3.2.0/include/ruby-3.2.0/ruby.h:38:
In file included from /Users/lakhveersinghrajput/.rvm/rubies/ruby-3.2.0/include/ruby-3.2.0/ruby/ruby.h:27:
/Users/lakhveersinghrajput/.rvm/rubies/ruby-3.2.0/include/ruby-3.2.0/ruby/internal/anyargs.h:277:1: warning: [[]] attributes are a C2x extension [-Wc2x-extensions]
/Users/lakhveersinghrajput/.rvm/rubies/ruby-3.2.0/include/ruby-3.2.0/ruby/internal/anyargs.h:260:123: note: expanded from macro 'RBIMPL_ANYARGS_DECL'
  260 | RBIMPL_ANYARGS_ATTRSET(sym) static void sym ## _05(__VA_ARGS__, VALUE(*)(VALUE, VALUE, VALUE, VALUE, VALUE, VALUE), int); \
      |                                                                                                                           ^
/Users/lakhveersinghrajput/.rvm/rubies/ruby-3.2.0/include/ruby-3.2.0/ruby/internal/anyargs.h:249:38: note: expanded from macro '\
RBIMPL_ANYARGS_ATTRSET'
  249 | # define RBIMPL_ANYARGS_ATTRSET(sym) RBIMPL_ATTR_MAYBE_UNUSED() RBIMPL_ATTR_NONNULL(()) RBIMPL_ATTR_WEAKREF(sym)
      |                                      ^
/Users/lakhveersinghrajput/.rvm/rubies/ruby-3.2.0/include/ruby-3.2.0/ruby/internal/attr/maybe_unused.h:31:37: note: expanded from macro 'RBIMPL_ATTR_MAYBE_UNUSED'
   31 | # define RBIMPL_ATTR_MAYBE_UNUSED() [[maybe_unused]]
      |                                     ^
In file included from ed25519_ref10.c:1:
In file included from /Users/lakhveersinghrajput/.rvm/rubies/ruby-3.2.0/include/ruby-3.2.0/ruby.h:38:
In file included from /Users/lakhveersinghrajput/.rvm/rubies/ruby-3.2.0/include/ruby-3.2.0/ruby/ruby.h:27:
/Users/lakhveersinghrajput/.rvm/rubies/ruby-3.2.0/include/ruby-3.2.0/ruby/internal/anyargs.h:277:1: warning: [[]] attributes are a C2x extension [-Wc2x-extensions]
/Users/lakhveersinghrajput/.rvm/rubies/ruby-3.2.0/include/ruby-3.2.0/ruby/internal/anyargs.h:261:130: note: expanded from macro 'RBIMPL_ANYARGS_DECL'
  261 | RBIMPL_ANYARGS_ATTRSET(sym) static void sym ## _06(__VA_ARGS__, VALUE(*)(VALUE, VALUE, VALUE, VALUE, VALUE, VALUE, VALUE), int); \
      |                                                                                                                                  ^
/Users/lakhveersinghrajput/.rvm/rubies/ruby-3.2.0/include/ruby-3.2.0/ruby/internal/anyargs.h:249:38: note: expanded from macro '\
RBIMPL_ANYARGS_ATTRSET'
  249 | # define RBIMPL_ANYARGS_ATTRSET(sym) RBIMPL_ATTR_MAYBE_UNUSED() RBIMPL_ATTR_NONNULL(()) RBIMPL_ATTR_WEAKREF(sym)
      |                                      ^
/Users/lakhveersinghrajput/.rvm/rubies/ruby-3.2.0/include/ruby-3.2.0/ruby/internal/attr/maybe_unused.h:31:37: note: expanded from macro 'RBIMPL_ATTR_MAYBE_UNUSED'
   31 | # define RBIMPL_ATTR_MAYBE_UNUSED() [[maybe_unused]]
      |                                     ^
In file included from ed25519_ref10.c:1:
In file included from /Users/lakhveersinghrajput/.rvm/rubies/ruby-3.2.0/include/ruby-3.2.0/ruby.h:38:
In file included from /Users/lakhveersinghrajput/.rvm/rubies/ruby-3.2.0/include/ruby-3.2.0/ruby/ruby.h:27:
/Users/lakhveersinghrajput/.rvm/rubies/ruby-3.2.0/include/ruby-3.2.0/ruby/internal/anyargs.h:277:1: warning: [[]] attributes are a C2x extension [-Wc2x-extensions]
/Users/lakhveersinghrajput/.rvm/rubies/ruby-3.2.0/include/ruby-3.2.0/ruby/internal/anyargs.h:262:137: note: expanded from macro 'RBIMPL_ANYARGS_DECL'
  262 | RBIMPL_ANYARGS_ATTRSET(sym) static void sym ## _07(__VA_ARGS__, VALUE(*)(VALUE, VALUE, VALUE, VALUE, VALUE, VALUE, VALUE, VALUE), int); \
      |                                                                                                                                         ^
/Users/lakhveersinghrajput/.rvm/rubies/ruby-3.2.0/include/ruby-3.2.0/ruby/internal/anyargs.h:249:38: note: expanded from macro '\
RBIMPL_ANYARGS_ATTRSET'
  249 | # define RBIMPL_ANYARGS_ATTRSET(sym) RBIMPL_ATTR_MAYBE_UNUSED() RBIMPL_ATTR_NONNULL(()) RBIMPL_ATTR_WEAKREF(sym)
      |                                      ^
/Users/lakhveersinghrajput/.rvm/rubies/ruby-3.2.0/include/ruby-3.2.0/ruby/internal/attr/maybe_unused.h:31:37: note: expanded from macro 'RBIMPL_ATTR_MAYBE_UNUSED'
   31 | # define RBIMPL_ATTR_MAYBE_UNUSED() [[maybe_unused]]
      |                                     ^
In file included from ed25519_ref10.c:1:
In file included from /Users/lakhveersinghrajput/.rvm/rubies/ruby-3.2.0/include/ruby-3.2.0/ruby.h:38:
In file included from /Users/lakhveersinghrajput/.rvm/rubies/ruby-3.2.0/include/ruby-3.2.0/ruby/ruby.h:27:
/Users/lakhveersinghrajput/.rvm/rubies/ruby-3.2.0/include/ruby-3.2.0/ruby/internal/anyargs.h:277:1: warning: [[]] attributes are a C2x extension [-Wc2x-extensions]
/Users/lakhveersinghrajput/.rvm/rubies/ruby-3.2.0/include/ruby-3.2.0/ruby/internal/anyargs.h:263:144: note: expanded from macro 'RBIMPL_ANYARGS_DECL'
  263 | RBIMPL_ANYARGS_ATTRSET(sym) static void sym ## _08(__VA_ARGS__, VALUE(*)(VALUE, VALUE, VALUE, VALUE, VALUE, VALUE, VALUE, VALUE, VALUE), int); \
      |                                                                                                                                                ^
/Users/lakhveersinghrajput/.rvm/rubies/ruby-3.2.0/include/ruby-3.2.0/ruby/internal/anyargs.h:249:38: note: expanded from macro '\
RBIMPL_ANYARGS_ATTRSET'
  249 | # define RBIMPL_ANYARGS_ATTRSET(sym) RBIMPL_ATTR_MAYBE_UNUSED() RBIMPL_ATTR_NONNULL(()) RBIMPL_ATTR_WEAKREF(sym)
      |                                      ^
/Users/lakhveersinghrajput/.rvm/rubies/ruby-3.2.0/include/ruby-3.2.0/ruby/internal/attr/maybe_unused.h:31:37: note: expanded from macro 'RBIMPL_ATTR_MAYBE_UNUSED'
   31 | # define RBIMPL_ATTR_MAYBE_UNUSED() [[maybe_unused]]
      |                                     ^
In file included from ed25519_ref10.c:1:
In file included from /Users/lakhveersinghrajput/.rvm/rubies/ruby-3.2.0/include/ruby-3.2.0/ruby.h:38:
In file included from /Users/lakhveersinghrajput/.rvm/rubies/ruby-3.2.0/include/ruby-3.2.0/ruby/ruby.h:27:
/Users/lakhveersinghrajput/.rvm/rubies/ruby-3.2.0/include/ruby-3.2.0/ruby/internal/anyargs.h:277:1: warning: [[]] attributes are a C2x extension [-Wc2x-extensions]
/Users/lakhveersinghrajput/.rvm/rubies/ruby-3.2.0/include/ruby-3.2.0/ruby/internal/anyargs.h:264:151: note: expanded from macro 'RBIMPL_ANYARGS_DECL'
  264 | RBIMPL_ANYARGS_ATTRSET(sym) static void sym ## _09(__VA_ARGS__, VALUE(*)(VALUE, VALUE, VALUE, VALUE, VALUE, VALUE, VALUE, VALUE, VALUE, VALUE), int); \
      |                                                                                                                                                       ^
/Users/lakhveersinghrajput/.rvm/rubies/ruby-3.2.0/include/ruby-3.2.0/ruby/internal/anyargs.h:249:38: note: expanded from macro '\
RBIMPL_ANYARGS_ATTRSET'
  249 | # define RBIMPL_ANYARGS_ATTRSET(sym) RBIMPL_ATTR_MAYBE_UNUSED() RBIMPL_ATTR_NONNULL(()) RBIMPL_ATTR_WEAKREF(sym)
      |                                      ^
/Users/lakhveersinghrajput/.rvm/rubies/ruby-3.2.0/include/ruby-3.2.0/ruby/internal/attr/maybe_unused.h:31:37: note: expanded from macro 'RBIMPL_ATTR_MAYBE_UNUSED'
   31 | # define RBIMPL_ATTR_MAYBE_UNUSED() [[maybe_unused]]
      |                                     ^
In file included from ed25519_ref10.c:1:
In file included from /Users/lakhveersinghrajput/.rvm/rubies/ruby-3.2.0/include/ruby-3.2.0/ruby.h:38:
In file included from /Users/lakhveersinghrajput/.rvm/rubies/ruby-3.2.0/include/ruby-3.2.0/ruby/ruby.h:27:
/Users/lakhveersinghrajput/.rvm/rubies/ruby-3.2.0/include/ruby-3.2.0/ruby/internal/anyargs.h:277:1: warning: [[]] attributes are a C2x extension [-Wc2x-extensions]
/Users/lakhveersinghrajput/.rvm/rubies/ruby-3.2.0/include/ruby-3.2.0/ruby/internal/anyargs.h:265:158: note: expanded from macro 'RBIMPL_ANYARGS_DECL'
  265 | RBIMPL_ANYARGS_ATTRSET(sym) static void sym ## _10(__VA_ARGS__, VALUE(*)(VALUE, VALUE, VALUE, VALUE, VALUE, VALUE, VALUE, VALUE, VALUE, VALUE, VALUE), int); \
      |                                                                                                                                                              ^
/Users/lakhveersinghrajput/.rvm/rubies/ruby-3.2.0/include/ruby-3.2.0/ruby/internal/anyargs.h:249:38: note: expanded from macro '\
RBIMPL_ANYARGS_ATTRSET'
  249 | # define RBIMPL_ANYARGS_ATTRSET(sym) RBIMPL_ATTR_MAYBE_UNUSED() RBIMPL_ATTR_NONNULL(()) RBIMPL_ATTR_WEAKREF(sym)
      |                                      ^
/Users/lakhveersinghrajput/.rvm/rubies/ruby-3.2.0/include/ruby-3.2.0/ruby/internal/attr/maybe_unused.h:31:37: note: expanded from macro 'RBIMPL_ATTR_MAYBE_UNUSED'
   31 | # define RBIMPL_ATTR_MAYBE_UNUSED() [[maybe_unused]]
      |                                     ^
In file included from ed25519_ref10.c:1:
In file included from /Users/lakhveersinghrajput/.rvm/rubies/ruby-3.2.0/include/ruby-3.2.0/ruby.h:38:
In file included from /Users/lakhveersinghrajput/.rvm/rubies/ruby-3.2.0/include/ruby-3.2.0/ruby/ruby.h:27:
/Users/lakhveersinghrajput/.rvm/rubies/ruby-3.2.0/include/ruby-3.2.0/ruby/internal/anyargs.h:277:1: warning: [[]] attributes are a C2x extension [-Wc2x-extensions]
/Users/lakhveersinghrajput/.rvm/rubies/ruby-3.2.0/include/ruby-3.2.0/ruby/internal/anyargs.h:266:165: note: expanded from macro 'RBIMPL_ANYARGS_DECL'
  266 | RBIMPL_ANYARGS_ATTRSET(sym) static void sym ## _11(__VA_ARGS__, VALUE(*)(VALUE, VALUE, VALUE, VALUE, VALUE, VALUE, VALUE, VALUE, VALUE, VALUE, VALUE, VALUE), int); \
      |                                                                                                                                                                     ^
/Users/lakhveersinghrajput/.rvm/rubies/ruby-3.2.0/include/ruby-3.2.0/ruby/internal/anyargs.h:249:38: note: expanded from macro '\
RBIMPL_ANYARGS_ATTRSET'
  249 | # define RBIMPL_ANYARGS_ATTRSET(sym) RBIMPL_ATTR_MAYBE_UNUSED() RBIMPL_ATTR_NONNULL(()) RBIMPL_ATTR_WEAKREF(sym)
      |                                      ^
/Users/lakhveersinghrajput/.rvm/rubies/ruby-3.2.0/include/ruby-3.2.0/ruby/internal/attr/maybe_unused.h:31:37: note: expanded from macro 'RBIMPL_ATTR_MAYBE_UNUSED'
   31 | # define RBIMPL_ATTR_MAYBE_UNUSED() [[maybe_unused]]
      |                                     ^
In file included from ed25519_ref10.c:1:
In file included from /Users/lakhveersinghrajput/.rvm/rubies/ruby-3.2.0/include/ruby-3.2.0/ruby.h:38:
In file included from /Users/lakhveersinghrajput/.rvm/rubies/ruby-3.2.0/include/ruby-3.2.0/ruby/ruby.h:27:
/Users/lakhveersinghrajput/.rvm/rubies/ruby-3.2.0/include/ruby-3.2.0/ruby/internal/anyargs.h:277:1: warning: [[]] attributes are a C2x extension [-Wc2x-extensions]
/Users/lakhveersinghrajput/.rvm/rubies/ruby-3.2.0/include/ruby-3.2.0/ruby/internal/anyargs.h:267:172: note: expanded from macro 'RBIMPL_ANYARGS_DECL'
  267 | RBIMPL_ANYARGS_ATTRSET(sym) static void sym ## _12(__VA_ARGS__, VALUE(*)(VALUE, VALUE, VALUE, VALUE, VALUE, VALUE, VALUE, VALUE, VALUE, VALUE, VALUE, VALUE, VALUE), int); \
      |                                                                                                                                                                            ^
/Users/lakhveersinghrajput/.rvm/rubies/ruby-3.2.0/include/ruby-3.2.0/ruby/internal/anyargs.h:249:38: note: expanded from macro '\
RBIMPL_ANYARGS_ATTRSET'
  249 | # define RBIMPL_ANYARGS_ATTRSET(sym) RBIMPL_ATTR_MAYBE_UNUSED() RBIMPL_ATTR_NONNULL(()) RBIMPL_ATTR_WEAKREF(sym)
      |                                      ^
/Users/lakhveersinghrajput/.rvm/rubies/ruby-3.2.0/include/ruby-3.2.0/ruby/internal/attr/maybe_unused.h:31:37: note: expanded from macro 'RBIMPL_ATTR_MAYBE_UNUSED'
   31 | # define RBIMPL_ATTR_MAYBE_UNUSED() [[maybe_unused]]
      |                                     ^
In file included from ed25519_ref10.c:1:
In file included from /Users/lakhveersinghrajput/.rvm/rubies/ruby-3.2.0/include/ruby-3.2.0/ruby.h:38:
In file included from /Users/lakhveersinghrajput/.rvm/rubies/ruby-3.2.0/include/ruby-3.2.0/ruby/ruby.h:27:
/Users/lakhveersinghrajput/.rvm/rubies/ruby-3.2.0/include/ruby-3.2.0/ruby/internal/anyargs.h:277:1: warning: [[]] attributes are a C2x extension [-Wc2x-extensions]
/Users/lakhveersinghrajput/.rvm/rubies/ruby-3.2.0/include/ruby-3.2.0/ruby/internal/anyargs.h:268:179: note: expanded from macro 'RBIMPL_ANYARGS_DECL'
  268 | RBIMPL_ANYARGS_ATTRSET(sym) static void sym ## _13(__VA_ARGS__, VALUE(*)(VALUE, VALUE, VALUE, VALUE, VALUE, VALUE, VALUE, VALUE, VALUE, VALUE, VALUE, VALUE, VALUE, VALUE), int); \
      |                                                                                                                                                                                   ^
/Users/lakhveersinghrajput/.rvm/rubies/ruby-3.2.0/include/ruby-3.2.0/ruby/internal/anyargs.h:249:38: note: expanded from macro '\
RBIMPL_ANYARGS_ATTRSET'
  249 | # define RBIMPL_ANYARGS_ATTRSET(sym) RBIMPL_ATTR_MAYBE_UNUSED() RBIMPL_ATTR_NONNULL(()) RBIMPL_ATTR_WEAKREF(sym)
      |                                      ^
/Users/lakhveersinghrajput/.rvm/rubies/ruby-3.2.0/include/ruby-3.2.0/ruby/internal/attr/maybe_unused.h:31:37: note: expanded from macro 'RBIMPL_ATTR_MAYBE_UNUSED'
   31 | # define RBIMPL_ATTR_MAYBE_UNUSED() [[maybe_unused]]
      |                                     ^
In file included from ed25519_ref10.c:1:
In file included from /Users/lakhveersinghrajput/.rvm/rubies/ruby-3.2.0/include/ruby-3.2.0/ruby.h:38:
In file included from /Users/lakhveersinghrajput/.rvm/rubies/ruby-3.2.0/include/ruby-3.2.0/ruby/ruby.h:27:
/Users/lakhveersinghrajput/.rvm/rubies/ruby-3.2.0/include/ruby-3.2.0/ruby/internal/anyargs.h:277:1: warning: [[]] attributes are a C2x extension [-Wc2x-extensions]
/Users/lakhveersinghrajput/.rvm/rubies/ruby-3.2.0/include/ruby-3.2.0/ruby/internal/anyargs.h:269:186: note: expanded from macro 'RBIMPL_ANYARGS_DECL'
  269 | RBIMPL_ANYARGS_ATTRSET(sym) static void sym ## _14(__VA_ARGS__, VALUE(*)(VALUE, VALUE, VALUE, VALUE, VALUE, VALUE, VALUE, VALUE, VALUE, VALUE, VALUE, VALUE, VALUE, VALUE, VALUE), int); \
      |                                                                                                                                                                                          ^
/Users/lakhveersinghrajput/.rvm/rubies/ruby-3.2.0/include/ruby-3.2.0/ruby/internal/anyargs.h:249:38: note: expanded from macro '\
RBIMPL_ANYARGS_ATTRSET'
  249 | # define RBIMPL_ANYARGS_ATTRSET(sym) RBIMPL_ATTR_MAYBE_UNUSED() RBIMPL_ATTR_NONNULL(()) RBIMPL_ATTR_WEAKREF(sym)
      |                                      ^
/Users/lakhveersinghrajput/.rvm/rubies/ruby-3.2.0/include/ruby-3.2.0/ruby/internal/attr/maybe_unused.h:31:37: note: expanded from macro 'RBIMPL_ATTR_MAYBE_UNUSED'
   31 | # define RBIMPL_ATTR_MAYBE_UNUSED() [[maybe_unused]]
      |                                     ^
In file included from ed25519_ref10.c:1:
In file included from /Users/lakhveersinghrajput/.rvm/rubies/ruby-3.2.0/include/ruby-3.2.0/ruby.h:38:
In file included from /Users/lakhveersinghrajput/.rvm/rubies/ruby-3.2.0/include/ruby-3.2.0/ruby/ruby.h:29:
In file included from /Users/lakhveersinghrajput/.rvm/rubies/ruby-3.2.0/include/ruby-3.2.0/ruby/internal/core.h:23:
In file included from /Users/lakhveersinghrajput/.rvm/rubies/ruby-3.2.0/include/ruby-3.2.0/ruby/internal/core/rarray.h:32:
/Users/lakhveersinghrajput/.rvm/rubies/ruby-3.2.0/include/ruby-3.2.0/ruby/internal/rgengc.h:365:5: warning: [[]] attributes are a C2x extension [-Wc2x-extensions]
  365 |     RBIMPL_ATTR_MAYBE_UNUSED()
      |     ^
/Users/lakhveersinghrajput/.rvm/rubies/ruby-3.2.0/include/ruby-3.2.0/ruby/internal/attr/maybe_unused.h:31:37: note: expanded from macro 'RBIMPL_ATTR_MAYBE_UNUSED'
   31 | # define RBIMPL_ATTR_MAYBE_UNUSED() [[maybe_unused]]
      |                                     ^
In file included from ed25519_ref10.c:1:
In file included from /Users/lakhveersinghrajput/.rvm/rubies/ruby-3.2.0/include/ruby-3.2.0/ruby.h:38:
In file included from /Users/lakhveersinghrajput/.rvm/rubies/ruby-3.2.0/include/ruby-3.2.0/ruby/ruby.h:29:
In file included from /Users/lakhveersinghrajput/.rvm/rubies/ruby-3.2.0/include/ruby-3.2.0/ruby/internal/core.h:23:
In file included from /Users/lakhveersinghrajput/.rvm/rubies/ruby-3.2.0/include/ruby-3.2.0/ruby/internal/core/rarray.h:32:
/Users/lakhveersinghrajput/.rvm/rubies/ruby-3.2.0/include/ruby-3.2.0/ruby/internal/rgengc.h:367:5: warning: [[]] attributes are a C2x extension [-Wc2x-extensions]
  367 |     RBIMPL_ATTR_MAYBE_UNUSED()
      |     ^
/Users/lakhveersinghrajput/.rvm/rubies/ruby-3.2.0/include/ruby-3.2.0/ruby/internal/attr/maybe_unused.h:31:37: note: expanded from macro 'RBIMPL_ATTR_MAYBE_UNUSED'
   31 | # define RBIMPL_ATTR_MAYBE_UNUSED() [[maybe_unused]]
      |                                     ^
In file included from ed25519_ref10.c:1:
In file included from /Users/lakhveersinghrajput/.rvm/rubies/ruby-3.2.0/include/ruby-3.2.0/ruby.h:38:
In file included from /Users/lakhveersinghrajput/.rvm/rubies/ruby-3.2.0/include/ruby-3.2.0/ruby/ruby.h:29:
In file included from /Users/lakhveersinghrajput/.rvm/rubies/ruby-3.2.0/include/ruby-3.2.0/ruby/internal/core.h:23:
In file included from /Users/lakhveersinghrajput/.rvm/rubies/ruby-3.2.0/include/ruby-3.2.0/ruby/internal/core/rarray.h:32:
/Users/lakhveersinghrajput/.rvm/rubies/ruby-3.2.0/include/ruby-3.2.0/ruby/internal/rgengc.h:393:5: warning: [[]] attributes are a C2x extension [-Wc2x-extensions]
  393 |     RBIMPL_ATTR_MAYBE_UNUSED()
      |     ^
/Users/lakhveersinghrajput/.rvm/rubies/ruby-3.2.0/include/ruby-3.2.0/ruby/internal/attr/maybe_unused.h:31:37: note: expanded from macro 'RBIMPL_ATTR_MAYBE_UNUSED'
   31 | # define RBIMPL_ATTR_MAYBE_UNUSED() [[maybe_unused]]
      |                                     ^
In file included from ed25519_ref10.c:1:
In file included from /Users/lakhveersinghrajput/.rvm/rubies/ruby-3.2.0/include/ruby-3.2.0/ruby.h:38:
In file included from /Users/lakhveersinghrajput/.rvm/rubies/ruby-3.2.0/include/ruby-3.2.0/ruby/ruby.h:29:
In file included from /Users/lakhveersinghrajput/.rvm/rubies/ruby-3.2.0/include/ruby-3.2.0/ruby/internal/core.h:23:
In file included from /Users/lakhveersinghrajput/.rvm/rubies/ruby-3.2.0/include/ruby-3.2.0/ruby/internal/core/rarray.h:32:
/Users/lakhveersinghrajput/.rvm/rubies/ruby-3.2.0/include/ruby-3.2.0/ruby/internal/rgengc.h:396:5: warning: [[]] attributes are a C2x extension [-Wc2x-extensions]
  396 |     RBIMPL_ATTR_MAYBE_UNUSED()
      |     ^
/Users/lakhveersinghrajput/.rvm/rubies/ruby-3.2.0/include/ruby-3.2.0/ruby/internal/attr/maybe_unused.h:31:37: note: expanded from macro 'RBIMPL_ATTR_MAYBE_UNUSED'
   31 | # define RBIMPL_ATTR_MAYBE_UNUSED() [[maybe_unused]]
      |                                     ^
In file included from ed25519_ref10.c:1:
In file included from /Users/lakhveersinghrajput/.rvm/rubies/ruby-3.2.0/include/ruby-3.2.0/ruby.h:38:
In file included from /Users/lakhveersinghrajput/.rvm/rubies/ruby-3.2.0/include/ruby-3.2.0/ruby/ruby.h:29:
In file included from /Users/lakhveersinghrajput/.rvm/rubies/ruby-3.2.0/include/ruby-3.2.0/ruby/internal/core.h:23:
In file included from /Users/lakhveersinghrajput/.rvm/rubies/ruby-3.2.0/include/ruby-3.2.0/ruby/internal/core/rarray.h:32:
/Users/lakhveersinghrajput/.rvm/rubies/ruby-3.2.0/include/ruby-3.2.0/ruby/internal/rgengc.h:398:5: warning: [[]] attributes are a C2x extension [-Wc2x-extensions]
  398 |     RBIMPL_ATTR_MAYBE_UNUSED()
      |     ^
/Users/lakhveersinghrajput/.rvm/rubies/ruby-3.2.0/include/ruby-3.2.0/ruby/internal/attr/maybe_unused.h:31:37: note: expanded from macro 'RBIMPL_ATTR_MAYBE_UNUSED'
   31 | # define RBIMPL_ATTR_MAYBE_UNUSED() [[maybe_unused]]
      |                                     ^
In file included from ed25519_ref10.c:1:
In file included from /Users/lakhveersinghrajput/.rvm/rubies/ruby-3.2.0/include/ruby-3.2.0/ruby.h:38:
In file included from /Users/lakhveersinghrajput/.rvm/rubies/ruby-3.2.0/include/ruby-3.2.0/ruby/ruby.h:29:
In file included from /Users/lakhveersinghrajput/.rvm/rubies/ruby-3.2.0/include/ruby-3.2.0/ruby/internal/core.h:23:
In file included from /Users/lakhveersinghrajput/.rvm/rubies/ruby-3.2.0/include/ruby-3.2.0/ruby/internal/core/rarray.h:32:
/Users/lakhveersinghrajput/.rvm/rubies/ruby-3.2.0/include/ruby-3.2.0/ruby/internal/rgengc.h:428:5: warning: [[]] attributes are a C2x extension [-Wc2x-extensions]
  428 |     RBIMPL_ATTR_MAYBE_UNUSED()
      |     ^
/Users/lakhveersinghrajput/.rvm/rubies/ruby-3.2.0/include/ruby-3.2.0/ruby/internal/attr/maybe_unused.h:31:37: note: expanded from macro 'RBIMPL_ATTR_MAYBE_UNUSED'
   31 | # define RBIMPL_ATTR_MAYBE_UNUSED() [[maybe_unused]]
      |                                     ^
In file included from ed25519_ref10.c:1:
In file included from /Users/lakhveersinghrajput/.rvm/rubies/ruby-3.2.0/include/ruby-3.2.0/ruby.h:38:
In file included from /Users/lakhveersinghrajput/.rvm/rubies/ruby-3.2.0/include/ruby-3.2.0/ruby/ruby.h:29:
In file included from /Users/lakhveersinghrajput/.rvm/rubies/ruby-3.2.0/include/ruby-3.2.0/ruby/internal/core.h:23:
In file included from /Users/lakhveersinghrajput/.rvm/rubies/ruby-3.2.0/include/ruby-3.2.0/ruby/internal/core/rarray.h:32:
/Users/lakhveersinghrajput/.rvm/rubies/ruby-3.2.0/include/ruby-3.2.0/ruby/internal/rgengc.h:430:5: warning: [[]] attributes are a C2x extension [-Wc2x-extensions]
  430 |     RBIMPL_ATTR_MAYBE_UNUSED()
      |     ^
/Users/lakhveersinghrajput/.rvm/rubies/ruby-3.2.0/include/ruby-3.2.0/ruby/internal/attr/maybe_unused.h:31:37: note: expanded from macro 'RBIMPL_ATTR_MAYBE_UNUSED'
   31 | # define RBIMPL_ATTR_MAYBE_UNUSED() [[maybe_unused]]
      |                                     ^
In file included from ed25519_ref10.c:1:
In file included from /Users/lakhveersinghrajput/.rvm/rubies/ruby-3.2.0/include/ruby-3.2.0/ruby.h:38:
In file included from /Users/lakhveersinghrajput/.rvm/rubies/ruby-3.2.0/include/ruby-3.2.0/ruby/ruby.h:29:
In file included from /Users/lakhveersinghrajput/.rvm/rubies/ruby-3.2.0/include/ruby-3.2.0/ruby/internal/core.h:23:
/Users/lakhveersinghrajput/.rvm/rubies/ruby-3.2.0/include/ruby-3.2.0/ruby/internal/core/rarray.h:437:24: warning: [[]] attributes are a C2x extension [-Wc2x-extensions]
  437 |                        RBIMPL_ATTR_MAYBE_UNUSED()
      |                        ^
/Users/lakhveersinghrajput/.rvm/rubies/ruby-3.2.0/include/ruby-3.2.0/ruby/internal/attr/maybe_unused.h:31:37: note: expanded from macro 'RBIMPL_ATTR_MAYBE_UNUSED'
   31 | # define RBIMPL_ATTR_MAYBE_UNUSED() [[maybe_unused]]
      |                                     ^
In file included from ed25519_ref10.c:1:
In file included from /Users/lakhveersinghrajput/.rvm/rubies/ruby-3.2.0/include/ruby-3.2.0/ruby.h:38:
In file included from /Users/lakhveersinghrajput/.rvm/rubies/ruby-3.2.0/include/ruby-3.2.0/ruby/ruby.h:29:
In file included from /Users/lakhveersinghrajput/.rvm/rubies/ruby-3.2.0/include/ruby-3.2.0/ruby/internal/core.h:23:
/Users/lakhveersinghrajput/.rvm/rubies/ruby-3.2.0/include/ruby-3.2.0/ruby/internal/core/rarray.h:464:22: warning: [[]] attributes are a C2x extension [-Wc2x-extensions]
  464 |                      RBIMPL_ATTR_MAYBE_UNUSED()
      |                      ^
/Users/lakhveersinghrajput/.rvm/rubies/ruby-3.2.0/include/ruby-3.2.0/ruby/internal/attr/maybe_unused.h:31:37: note: expanded from macro 'RBIMPL_ATTR_MAYBE_UNUSED'
   31 | # define RBIMPL_ATTR_MAYBE_UNUSED() [[maybe_unused]]
      |                                     ^
In file included from ed25519_ref10.c:1:
In file included from /Users/lakhveersinghrajput/.rvm/rubies/ruby-3.2.0/include/ruby-3.2.0/ruby.h:38:
In file included from /Users/lakhveersinghrajput/.rvm/rubies/ruby-3.2.0/include/ruby-3.2.0/ruby/ruby.h:47:
/Users/lakhveersinghrajput/.rvm/rubies/ruby-3.2.0/include/ruby-3.2.0/ruby/internal/scan_args.h:391:33: warning: [[]] attributes are a C2x extension [-Wc2x-extensions]
  391 |                  VALUE *vars[], RB_UNUSED_VAR(const char *fmt), RB_UNUSED_VAR(int varc))
      |                                 ^
/Users/lakhveersinghrajput/.rvm/rubies/ruby-3.2.0/include/ruby-3.2.0/ruby/backward/2/attributes.h:163:28: note: expanded from macro 'RB_UNUSED_VAR'
  163 | #define RB_UNUSED_VAR(x) x RBIMPL_ATTR_MAYBE_UNUSED()
      |                            ^
/Users/lakhveersinghrajput/.rvm/rubies/ruby-3.2.0/include/ruby-3.2.0/ruby/internal/attr/maybe_unused.h:31:37: note: expanded from macro 'RBIMPL_ATTR_MAYBE_UNUSED'
   31 | # define RBIMPL_ATTR_MAYBE_UNUSED() [[maybe_unused]]
      |                                     ^
In file included from ed25519_ref10.c:1:
In file included from /Users/lakhveersinghrajput/.rvm/rubies/ruby-3.2.0/include/ruby-3.2.0/ruby.h:38:
In file included from /Users/lakhveersinghrajput/.rvm/rubies/ruby-3.2.0/include/ruby-3.2.0/ruby/ruby.h:47:
/Users/lakhveersinghrajput/.rvm/rubies/ruby-3.2.0/include/ruby-3.2.0/ruby/internal/scan_args.h:391:65: warning: [[]] attributes are a C2x extension [-Wc2x-extensions]
  391 |                  VALUE *vars[], RB_UNUSED_VAR(const char *fmt), RB_UNUSED_VAR(int varc))
      |                                                                 ^
/Users/lakhveersinghrajput/.rvm/rubies/ruby-3.2.0/include/ruby-3.2.0/ruby/backward/2/attributes.h:163:28: note: expanded from macro 'RB_UNUSED_VAR'
  163 | #define RB_UNUSED_VAR(x) x RBIMPL_ATTR_MAYBE_UNUSED()
      |                            ^
/Users/lakhveersinghrajput/.rvm/rubies/ruby-3.2.0/include/ruby-3.2.0/ruby/internal/attr/maybe_unused.h:31:37: note: expanded from macro 'RBIMPL_ATTR_MAYBE_UNUSED'
   31 | # define RBIMPL_ATTR_MAYBE_UNUSED() [[maybe_unused]]
      |                                     ^
ed25519_ref10.c:12:24: warning: a function declaration without a prototype is deprecated in all versions of C [-Wstrict-prototypes]
   12 | void Init_ed25519_ref10()
      |                        ^
      |                         void
171 warnings generated.
compiling fe.c
compiling ge.c
compiling keypair.c
compiling open.c
compiling sc_muladd.c
compiling sc_reduce.c
compiling sha512.c
compiling sign.c
compiling verify.c
linking shared-object ed25519_ref10.bundle
ld: warning: ignoring duplicate libraries: '-lruby.3.2'

current directory: /Users/lakhveersinghrajput/Lakhveer/final/gic_final/vendor/bun/ruby/3.2.0/gems/ed25519-1.3.0/ext/ed25519_ref10
make DESTDIR\= sitearchdir\=./.gem.20250302-40695-d3cpo6 sitelibdir\=./.gem.20250302-40695-d3cpo6 install
/opt/homebrew/opt/coreutils/bin/ginstall -c -m 0755 ed25519_ref10.bundle ./.gem.20250302-40695-d3cpo6

current directory: /Users/lakhveersinghrajput/Lakhveer/final/gic_final/vendor/bun/ruby/3.2.0/gems/ed25519-1.3.0/ext/ed25519_ref10
make DESTDIR\= sitearchdir\=./.gem.20250302-40695-d3cpo6 sitelibdir\=./.gem.20250302-40695-d3cpo6 clean
